split,seed,relation,disease_id,variant,auprc,auroc,n_pos,n_candidates,dd_degree_train,kg_degree,spearman_A_B,tag,fusion_w
cardiovascular,2,indication,6955.0,p_A,0.39496083281797567,0.9936649897521893,9,1798,0.0,4.0,0.6514118105710311,varA,0.02
cardiovascular,2,indication,6955.0,p_B,0.013277071157679527,0.7985839388857835,9,1798,0.0,4.0,0.6514118105710311,varA,0.02
cardiovascular,2,indication,6955.0,fuse_rankavg,0.05545749550005158,0.9437302030929755,9,1798,0.0,4.0,0.6514118105710311,varA,0.02
cardiovascular,2,indication,6955.0,fuse_scalar,0.013947573141012755,0.8070306192161977,9,1798,0.0,4.0,0.6514118105710311,varA,0.02
cardiovascular,2,indication,6955.0,fuse_mlp,0.19842938864677995,0.9880131668840445,9,1798,0.0,4.0,0.6514118105710311,varA,0.02
cardiovascular,2,indication,5009.0,p_A,0.03458469355346388,0.7435503685503686,22,1798,0.0,92.0,-0.004274963972312195,varA,0.02
cardiovascular,2,indication,5009.0,p_B,0.015498919651492568,0.6046529484029485,22,1798,0.0,92.0,-0.004274963972312195,varA,0.02
cardiovascular,2,indication,5009.0,fuse_rankavg,0.054474489157307786,0.7386363636363635,22,1798,0.0,92.0,-0.004274963972312195,varA,0.02
cardiovascular,2,indication,5009.0,fuse_scalar,0.015769587591320064,0.6092854217854217,22,1798,0.0,92.0,-0.004274963972312195,varA,0.02
cardiovascular,2,indication,5009.0,fuse_mlp,0.042386807119400766,0.7301136363636364,22,1798,0.0,92.0,-0.004274963972312195,varA,0.02
cardiovascular,2,indication,5044.0,p_A,0.038053477039999124,0.24846349915513932,103,1798,0.0,19.0,0.5111830684349786,varA,0.02
cardiovascular,2,indication,5044.0,p_B,0.033609554172322656,0.18941489818712953,103,1798,0.0,19.0,0.5111830684349786,varA,0.02
cardiovascular,2,indication,5044.0,fuse_rankavg,0.03384260386293522,0.18846979981098033,103,1798,0.0,19.0,0.5111830684349786,varA,0.02
cardiovascular,2,indication,5044.0,fuse_scalar,0.03356328808749298,0.18796574734370078,103,1798,0.0,19.0,0.5111830684349786,varA,0.02
cardiovascular,2,indication,5044.0,fuse_mlp,0.03453347614905453,0.20341380989202967,103,1798,0.0,19.0,0.5111830684349786,varA,0.02
cardiovascular,2,indication,2277.0,p_A,0.07616917350592622,0.884661402249342,7,1798,0.0,97.0,0.33643250745436,varA,0.02
cardiovascular,2,indication,2277.0,p_B,0.007647136281337305,0.7255324240248864,7,1798,0.0,97.0,0.33643250745436,varA,0.02
cardiovascular,2,indication,2277.0,fuse_rankavg,0.03493236569493474,0.8776022972002872,7,1798,0.0,97.0,0.33643250745436,varA,0.02
cardiovascular,2,indication,2277.0,fuse_scalar,0.00786376134865973,0.7327909388210896,7,1798,0.0,97.0,0.33643250745436,varA,0.02
cardiovascular,2,indication,2277.0,fuse_mlp,0.03497542648454994,0.8609715242881071,7,1798,0.0,97.0,0.33643250745436,varA,0.02
cardiovascular,2,indication,5311.0,p_A,0.010475972071148164,0.7516152189519023,7,1798,0.0,99.0,0.2004359781392699,varA,0.02
cardiovascular,2,indication,5311.0,p_B,0.0036536866883910045,0.4137353433835846,7,1798,0.0,99.0,0.2004359781392699,varA,0.02
cardiovascular,2,indication,5311.0,fuse_rankavg,0.005457611459739884,0.607800909308447,7,1798,0.0,99.0,0.2004359781392699,varA,0.02
cardiovascular,2,indication,5311.0,fuse_scalar,0.003687676388458372,0.4186009412140066,7,1798,0.0,99.0,0.2004359781392699,varA,0.02
cardiovascular,2,indication,5311.0,fuse_mlp,0.0051358465483119795,0.5854670176278216,7,1798,0.0,99.0,0.2004359781392699,varA,0.02
cardiovascular,2,indication,5068.0,p_A,0.1120152478283942,0.9266505186013292,9,1798,0.0,83.0,-0.029213193152789,varA,0.02
cardiovascular,2,indication,5068.0,p_B,0.004115293666883019,0.36960437239922983,9,1798,0.0,83.0,-0.029213193152789,varA,0.02
cardiovascular,2,indication,5068.0,fuse_rankavg,0.012454478480469386,0.7178746661698031,9,1798,0.0,83.0,-0.029213193152789,varA,0.02
cardiovascular,2,indication,5068.0,fuse_scalar,0.004185904258975909,0.3796037513197938,9,1798,0.0,83.0,-0.029213193152789,varA,0.02
cardiovascular,2,indication,5068.0,fuse_mlp,0.009816912401144063,0.6935594062480591,9,1798,0.0,83.0,-0.029213193152789,varA,0.02
cardiovascular,2,indication,6716.0,p_A,0.11444330497727043,0.9283274330786907,9,1798,0.0,87.0,0.3465038100214273,varA,0.02
cardiovascular,2,indication,6716.0,p_B,0.006936746832450727,0.6006459226135022,9,1798,0.0,87.0,0.3465038100214273,varA,0.02
cardiovascular,2,indication,6716.0,fuse_rankavg,0.028420373051343647,0.8212533383019687,9,1798,0.0,87.0,0.3465038100214273,varA,0.02
cardiovascular,2,indication,6716.0,fuse_scalar,0.007145674617973177,0.6091547108875225,9,1798,0.0,87.0,0.3465038100214273,varA,0.02
cardiovascular,2,indication,6716.0,fuse_mlp,0.05664947720201017,0.7949816781566362,9,1798,0.0,87.0,0.3465038100214273,varA,0.02
cardiovascular,2,indication,831.0,p_A,0.011898001153015479,0.5808727948003714,3,1798,0.0,9.0,-0.33395854490979393,varA,0.02
cardiovascular,2,indication,831.0,p_B,0.0019804725333687784,0.44679665738161567,3,1798,0.0,9.0,-0.33395854490979393,varA,0.02
cardiovascular,2,indication,831.0,fuse_rankavg,0.0030148411094738964,0.4987000928505107,3,1798,0.0,9.0,-0.33395854490979393,varA,0.02
cardiovascular,2,indication,831.0,fuse_scalar,0.0019816992245412185,0.4486536675951718,3,1798,0.0,9.0,-0.33395854490979393,varA,0.02
cardiovascular,2,indication,831.0,fuse_mlp,0.013228934872384517,0.5331476323119777,3,1798,0.0,9.0,-0.33395854490979393,varA,0.02
cardiovascular,2,indication,6809.0,p_A,0.00364002690069074,0.6568245125348189,3,1798,0.0,1.0,-0.24506924022189752,varA,0.02
cardiovascular,2,indication,6809.0,p_B,0.0036567763405579443,0.7065923862581245,3,1798,0.0,1.0,-0.24506924022189752,varA,0.02
cardiovascular,2,indication,6809.0,fuse_rankavg,0.01018736888453725,0.7865366759517177,3,1798,0.0,1.0,-0.24506924022189752,varA,0.02
cardiovascular,2,indication,6809.0,fuse_scalar,0.0037090833143464726,0.7101207056638812,3,1798,0.0,1.0,-0.24506924022189752,varA,0.02
cardiovascular,2,indication,6809.0,fuse_mlp,0.006852923811218847,0.7494893221912721,3,1798,0.0,1.0,-0.24506924022189752,varA,0.02
cardiovascular,2,indication,4981.0,p_A,0.02376150172603314,0.8179051889814222,14,1798,0.0,132.0,0.11613670699178386,varA,0.02
cardiovascular,2,indication,4981.0,p_B,0.0069978786755383405,0.40510890454836634,14,1798,0.0,132.0,0.11613670699178386,varA,0.02
cardiovascular,2,indication,4981.0,fuse_rankavg,0.011734312241771351,0.64722133247918,14,1798,0.0,132.0,0.11613670699178386,varA,0.02
cardiovascular,2,indication,4981.0,fuse_scalar,0.007078635269083991,0.4119955156950672,14,1798,0.0,132.0,0.11613670699178386,varA,0.02
cardiovascular,2,indication,4981.0,fuse_mlp,0.010853974894244844,0.6327674567584882,14,1798,0.0,132.0,0.11613670699178386,varA,0.02
cardiovascular,2,indication,6021.0,p_A,0.0022924731773595183,0.3041829336307864,5,1798,0.0,1.0,0.9363308385108617,varA,0.02
cardiovascular,2,indication,6021.0,p_B,0.0023733078349124494,0.3290574456218628,5,1798,0.0,1.0,0.9363308385108617,varA,0.02
cardiovascular,2,indication,6021.0,fuse_rankavg,0.0023324670560934,0.3112102621305075,5,1798,0.0,1.0,0.9363308385108617,varA,0.02
cardiovascular,2,indication,6021.0,fuse_scalar,0.0023739639374849367,0.32883435582822085,5,1798,0.0,1.0,0.9363308385108617,varA,0.02
cardiovascular,2,indication,6021.0,fuse_mlp,0.0023152147047185373,0.3079754601226994,5,1798,0.0,1.0,0.9363308385108617,varA,0.02
cardiovascular,2,indication,6981.0,p_A,0.003869720584789131,0.3360039749083908,9,1798,0.0,51.0,0.20941486114018348,varA,0.02
cardiovascular,2,indication,6981.0,p_B,0.0071445256651242305,0.5089124899074592,9,1798,0.0,51.0,0.20941486114018348,varA,0.02
cardiovascular,2,indication,6981.0,fuse_rankavg,0.0042985141638622795,0.3911558288305074,9,1798,0.0,51.0,0.20941486114018348,varA,0.02
cardiovascular,2,indication,6981.0,fuse_scalar,0.006980386144221263,0.5067387118812496,9,1798,0.0,51.0,0.20941486114018348,varA,0.02
cardiovascular,2,indication,6981.0,fuse_mlp,0.004273514659272023,0.38891994286069187,9,1798,0.0,51.0,0.20941486114018348,varA,0.02
cardiovascular,2,indication,24573.0,p_A,0.022222222222222223,0.9755147468002225,1,1798,0.0,15.0,0.5121456606860716,varA,0.02
cardiovascular,2,indication,24573.0,p_B,0.002717391304347826,0.7957707289927657,1,1798,0.0,15.0,0.5121456606860716,varA,0.02
cardiovascular,2,indication,24573.0,fuse_rankavg,0.010526315789473684,0.9479688369504731,1,1798,0.0,15.0,0.5121456606860716,varA,0.02
cardiovascular,2,indication,24573.0,fuse_scalar,0.002793296089385475,0.8013355592654424,1,1798,0.0,15.0,0.5121456606860716,varA,0.02
cardiovascular,2,indication,24573.0,fuse_mlp,0.015625,0.964941569282137,1,1798,0.0,15.0,0.5121456606860716,varA,0.02
cardiovascular,2,indication,5279.0,p_A,0.025238641172333133,0.622247148999813,15,1798,0.0,11.0,0.09066244391359304,varA,0.02
cardiovascular,2,indication,5279.0,p_B,0.014973785915017626,0.6698822209758833,15,1798,0.0,11.0,0.09066244391359304,varA,0.02
cardiovascular,2,indication,5279.0,fuse_rankavg,0.017921037696202007,0.7025238362310712,15,1798,0.0,11.0,0.09066244391359304,varA,0.02
cardiovascular,2,indication,5279.0,fuse_scalar,0.014948920522676266,0.6725743129556927,15,1798,0.0,11.0,0.09066244391359304,varA,0.02
cardiovascular,2,indication,5279.0,fuse_mlp,0.0266314209005077,0.6920919798093101,15,1798,0.0,11.0,0.09066244391359304,varA,0.02
cardiovascular,2,indication,11057.0,p_A,0.03278543003405784,0.8204697263520794,13,1798,0.0,30.0,-0.16983280030019515,varA,0.02
cardiovascular,2,indication,11057.0,p_B,0.007033504352582471,0.49006679594914887,13,1798,0.0,30.0,-0.16983280030019515,varA,0.02
cardiovascular,2,indication,11057.0,fuse_rankavg,0.01783907378236131,0.7579185520361991,13,1798,0.0,30.0,-0.16983280030019515,varA,0.02
cardiovascular,2,indication,11057.0,fuse_scalar,0.007134186944468948,0.4975220857573799,13,1798,0.0,30.0,-0.16983280030019515,varA,0.02
cardiovascular,2,indication,11057.0,fuse_mlp,0.027524132265690896,0.8031889678948503,13,1798,0.0,30.0,-0.16983280030019515,varA,0.02
cardiovascular,2,indication,2679.0,p_A,0.01779637069518536,0.8509776536312849,8,1798,0.0,10.0,0.2362111789536526,varA,0.02
cardiovascular,2,indication,2679.0,p_B,0.004445662260588216,0.4747905027932961,8,1798,0.0,10.0,0.2362111789536526,varA,0.02
cardiovascular,2,indication,2679.0,fuse_rankavg,0.008975150351922461,0.7208449720670391,8,1798,0.0,10.0,0.2362111789536526,varA,0.02
cardiovascular,2,indication,2679.0,fuse_scalar,0.004523566877996248,0.4836592178770949,8,1798,0.0,10.0,0.2362111789536526,varA,0.02
cardiovascular,2,indication,2679.0,fuse_mlp,0.01706075953789097,0.8275837988826815,8,1798,0.0,10.0,0.2362111789536526,varA,0.02
cardiovascular,2,indication,5294.0,p_A,0.0033409814164571026,0.47250418293363083,5,1798,0.0,9.0,-0.3323047786292373,varA,0.02
cardiovascular,2,indication,5294.0,p_B,0.0027776044126080297,0.4297824874511992,5,1798,0.0,9.0,-0.3323047786292373,varA,0.02
cardiovascular,2,indication,5294.0,fuse_rankavg,0.0031957222807564934,0.4744004461795872,5,1798,0.0,9.0,-0.3323047786292373,varA,0.02
cardiovascular,2,indication,5294.0,fuse_scalar,0.0027843188359820007,0.4310094813162298,5,1798,0.0,9.0,-0.3323047786292373,varA,0.02
cardiovascular,2,indication,5294.0,fuse_mlp,0.003633897383777011,0.5065253764640268,5,1798,0.0,9.0,-0.3323047786292373,varA,0.02
cardiovascular,2,indication,5386.0,p_A,0.005260692110753989,0.6706079196876743,5,1798,0.0,3.0,-0.24048941732566878,varA,0.02
cardiovascular,2,indication,5386.0,p_B,0.0031165369285717105,0.43402119353039603,5,1798,0.0,3.0,-0.24048941732566878,varA,0.02
cardiovascular,2,indication,5386.0,fuse_rankavg,0.005916560425291886,0.5770775237032906,5,1798,0.0,3.0,-0.24048941732566878,varA,0.02
cardiovascular,2,indication,5386.0,fuse_scalar,0.0031529653088686665,0.4373675404350251,5,1798,0.0,3.0,-0.24048941732566878,varA,0.02
cardiovascular,2,indication,5386.0,fuse_mlp,0.006513765956835253,0.6203011712214166,5,1798,0.0,3.0,-0.24048941732566878,varA,0.02
cardiovascular,2,indication,5295.0,p_A,0.002882298922531794,0.36783854166666663,6,1798,0.0,2.0,0.9326777477723732,varA,0.02
cardiovascular,2,indication,5295.0,p_B,0.003110406796491808,0.41378348214285715,6,1798,0.0,2.0,0.9326777477723732,varA,0.02
cardiovascular,2,indication,5295.0,fuse_rankavg,0.0029788836344376802,0.38992745535714285,6,1798,0.0,2.0,0.9326777477723732,varA,0.02
cardiovascular,2,indication,5295.0,fuse_scalar,0.0031073365320533723,0.4133184523809524,6,1798,0.0,2.0,0.9326777477723732,varA,0.02
cardiovascular,2,indication,5295.0,fuse_mlp,0.002971063993931061,0.38746279761904756,6,1798,0.0,2.0,0.9326777477723732,varA,0.02
cardiovascular,2,indication,9934.0,p_A,0.06290597684577902,0.8969359331476323,3,1798,0.0,4.0,0.40162397695902696,varA,0.02
cardiovascular,2,indication,9934.0,p_B,0.0027820076710951486,0.6064995357474466,3,1798,0.0,4.0,0.40162397695902696,varA,0.02
cardiovascular,2,indication,9934.0,fuse_rankavg,0.00572851611504485,0.8148560817084495,3,1798,0.0,4.0,0.40162397695902696,varA,0.02
cardiovascular,2,indication,9934.0,fuse_scalar,0.0028826508844477143,0.6196843082636954,3,1798,0.0,4.0,0.40162397695902696,varA,0.02
cardiovascular,2,indication,9934.0,fuse_mlp,0.028690447402741005,0.9117920148560816,3,1798,0.0,4.0,0.40162397695902696,varA,0.02
cardiovascular,2,indication,5385.0,p_A,0.009034455263713393,0.7441039925719591,3,1798,0.0,30.0,0.037282528942746,varA,0.02
cardiovascular,2,indication,5385.0,p_B,0.0024568763182930176,0.5671309192200558,3,1798,0.0,30.0,0.037282528942746,varA,0.02
cardiovascular,2,indication,5385.0,fuse_rankavg,0.004410133123282121,0.7317548746518105,3,1798,0.0,30.0,0.037282528942746,varA,0.02
cardiovascular,2,indication,5385.0,fuse_scalar,0.002502106663230825,0.5753017641597029,3,1798,0.0,30.0,0.037282528942746,varA,0.02
cardiovascular,2,indication,5385.0,fuse_mlp,0.007293665733598993,0.7732590529247911,3,1798,0.0,30.0,0.037282528942746,varA,0.02
cardiovascular,2,indication,11479.0,p_A,0.0035286663811663664,0.7697661469933185,2,1798,0.0,5.0,-0.2737316442543324,varA,0.02
cardiovascular,2,indication,11479.0,p_B,0.0020895406484626295,0.5378619153674833,2,1798,0.0,5.0,-0.2737316442543324,varA,0.02
cardiovascular,2,indication,11479.0,fuse_rankavg,0.0050843552660515875,0.7689309576837416,2,1798,0.0,5.0,-0.2737316442543324,varA,0.02
cardiovascular,2,indication,11479.0,fuse_scalar,0.0021082972771896574,0.5412026726057907,2,1798,0.0,5.0,-0.2737316442543324,varA,0.02
cardiovascular,2,indication,11479.0,fuse_mlp,0.003945525291828794,0.7900890868596881,2,1798,0.0,5.0,-0.2737316442543324,varA,0.02
cardiovascular,2,indication,8364.0,p_A,0.002204763604260195,0.6327951002227171,2,1798,0.0,5.0,0.4632096181121454,varA,0.02
cardiovascular,2,indication,8364.0,p_B,0.0026579244218838125,0.6812360801781737,2,1798,0.0,5.0,0.4632096181121454,varA,0.02
cardiovascular,2,indication,8364.0,fuse_rankavg,0.0028206345438721416,0.6965478841870825,2,1798,0.0,5.0,0.4632096181121454,varA,0.02
cardiovascular,2,indication,8364.0,fuse_scalar,0.002660870547853294,0.6809576837416481,2,1798,0.0,5.0,0.4632096181121454,varA,0.02
cardiovascular,2,indication,8364.0,fuse_mlp,0.002524522132796781,0.6784521158129175,2,1798,0.0,5.0,0.4632096181121454,varA,0.02
cardiovascular,2,indication,5267.0,p_A,0.0006309148264984228,0.11853088480801333,1,1798,0.0,59.0,-0.31431833667447995,varA,0.02
cardiovascular,2,indication,5267.0,p_B,0.0014367816091954023,0.6132442960489706,1,1798,0.0,59.0,-0.31431833667447995,varA,0.02
cardiovascular,2,indication,5267.0,fuse_rankavg,0.0007072135785007072,0.21368948247078468,1,1798,0.0,59.0,-0.31431833667447995,varA,0.02
cardiovascular,2,indication,5267.0,fuse_scalar,0.0013986013986013986,0.6026711185308848,1,1798,0.0,59.0,-0.31431833667447995,varA,0.02
cardiovascular,2,indication,5267.0,fuse_mlp,0.0007047216349541931,0.2109070673344463,1,1798,0.0,59.0,-0.31431833667447995,varA,0.02
cardiovascular,2,indication,4995.0,p_A,0.0010504201680672268,0.4707846410684474,1,1798,0.0,4.0,0.0924557571407262,varA,0.02
cardiovascular,2,indication,4995.0,p_B,0.005291005291005291,0.8953811908736783,1,1798,0.0,4.0,0.0924557571407262,varA,0.02
cardiovascular,2,indication,4995.0,fuse_rankavg,0.0024813895781637717,0.7762938230383973,1,1798,0.0,4.0,0.0924557571407262,varA,0.02
cardiovascular,2,indication,4995.0,fuse_scalar,0.005291005291005291,0.8953811908736784,1,1798,0.0,4.0,0.0924557571407262,varA,0.02
cardiovascular,2,indication,4995.0,fuse_mlp,0.001466275659824047,0.6210350584307178,1,1798,0.0,4.0,0.0924557571407262,varA,0.02
cardiovascular,2,indication,5264.0,p_A,0.01171564806720229,0.7061036789297659,4,1798,0.0,50.0,-0.08832926086259102,varA,0.02
cardiovascular,2,indication,5264.0,p_B,0.0020806561603858896,0.35674470457079155,4,1798,0.0,50.0,-0.08832926086259102,varA,0.02
cardiovascular,2,indication,5264.0,fuse_rankavg,0.0033360643456479943,0.5503065774804905,4,1798,0.0,50.0,-0.08832926086259102,varA,0.02
cardiovascular,2,indication,5264.0,fuse_scalar,0.0021087787377931442,0.36357302118171686,4,1798,0.0,50.0,-0.08832926086259102,varA,0.02
cardiovascular,2,indication,5264.0,fuse_mlp,0.0038443996026195073,0.5795707915273133,4,1798,0.0,50.0,-0.08832926086259102,varA,0.02
cardiovascular,2,indication,5299.0,p_A,0.003771994450008935,0.48745819397993306,4,1798,0.0,56.0,0.3360722728983118,varA,0.02
cardiovascular,2,indication,5299.0,p_B,0.0021943530165607116,0.37695094760312153,4,1798,0.0,56.0,0.3360722728983118,varA,0.02
cardiovascular,2,indication,5299.0,fuse_rankavg,0.002375001595570203,0.42314659977703456,4,1798,0.0,56.0,0.3360722728983118,varA,0.02
cardiovascular,2,indication,5299.0,fuse_scalar,0.0021868414371503915,0.37792642140468224,4,1798,0.0,56.0,0.3360722728983118,varA,0.02
cardiovascular,2,indication,5299.0,fuse_mlp,0.0025112196998911215,0.4404960981047938,4,1798,0.0,56.0,0.3360722728983118,varA,0.02
cardiovascular,2,indication,5010.0,p_A,1.0,1.0,1,1798,0.0,216.0,0.5251356145964052,varA,0.02
cardiovascular,2,indication,5010.0,p_B,0.05,0.9894268224819143,1,1798,0.0,216.0,0.5251356145964052,varA,0.02
cardiovascular,2,indication,5010.0,fuse_rankavg,0.25,0.9986087924318309,1,1798,0.0,216.0,0.5251356145964052,varA,0.02
cardiovascular,2,indication,5010.0,fuse_scalar,0.05263157894736842,0.9899833055091819,1,1798,0.0,216.0,0.5251356145964052,varA,0.02
cardiovascular,2,indication,5010.0,fuse_mlp,1.0,1.0,1,1798,0.0,216.0,0.5251356145964052,varA,0.02
cardiovascular,2,indication,465.0,p_A,0.000784313725490196,0.29104062326099056,1,1798,0.0,11.0,0.08715645419630348,varA,0.02
cardiovascular,2,indication,465.0,p_B,0.0006027727546714888,0.07735114079020589,1,1798,0.0,11.0,0.08715645419630348,varA,0.02
cardiovascular,2,indication,465.0,fuse_rankavg,0.0005984440454817474,0.0709515859766277,1,1798,0.0,11.0,0.08715645419630348,varA,0.02
cardiovascular,2,indication,465.0,fuse_scalar,0.0006031363088057901,0.07790762381747351,1,1798,0.0,11.0,0.08715645419630348,varA,0.02
cardiovascular,2,indication,465.0,fuse_mlp,0.0006067961165048543,0.08347245409015025,1,1798,0.0,11.0,0.08715645419630348,varA,0.02
cardiovascular,2,indication,745.0,p_A,0.002579023200220886,0.26822916666666663,6,1798,0.0,6.0,0.47149107155052833,varA,0.02
cardiovascular,2,indication,745.0,p_B,0.00399016597614713,0.49488467261904756,6,1798,0.0,6.0,0.47149107155052833,varA,0.02
cardiovascular,2,indication,745.0,fuse_rankavg,0.0028377912918068388,0.34965587797619047,6,1798,0.0,6.0,0.47149107155052833,varA,0.02
cardiovascular,2,indication,745.0,fuse_scalar,0.003917795974288001,0.4896763392857143,6,1798,0.0,6.0,0.47149107155052833,varA,0.02
cardiovascular,2,indication,745.0,fuse_mlp,0.0027294788316826,0.31659226190476186,6,1798,0.0,6.0,0.47149107155052833,varA,0.02
cardiovascular,2,indication,19514.0,p_A,0.011764705882352941,0.9532554257095158,1,1798,0.0,4.0,0.8795109453225262,varA,0.02
cardiovascular,2,indication,19514.0,p_B,0.00186219739292365,0.7017250973845298,1,1798,0.0,4.0,0.8795109453225262,varA,0.02
cardiovascular,2,indication,19514.0,fuse_rankavg,0.0035211267605633804,0.8427935447968837,1,1798,0.0,4.0,0.8795109453225262,varA,0.02
cardiovascular,2,indication,19514.0,fuse_scalar,0.0019193857965451055,0.7106288258208124,1,1798,0.0,4.0,0.8795109453225262,varA,0.02
cardiovascular,2,indication,19514.0,fuse_mlp,0.010752688172043012,0.9488035614913746,1,1798,0.0,4.0,0.8795109453225262,varA,0.02
cardiovascular,2,indication,8542.0,p_A,0.0028328611898017,0.8041179744017808,1,1798,0.0,16.0,0.6131808122026181,varA,0.02
cardiovascular,2,indication,8542.0,p_B,0.0017921146953405018,0.6900389538119087,1,1798,0.0,16.0,0.6131808122026181,varA,0.02
cardiovascular,2,indication,8542.0,fuse_rankavg,0.002652519893899204,0.7910406232609906,1,1798,0.0,16.0,0.6131808122026181,varA,0.02
cardiovascular,2,indication,8542.0,fuse_scalar,0.0018181818181818182,0.6944908180300501,1,1798,0.0,16.0,0.6131808122026181,varA,0.02
cardiovascular,2,indication,8542.0,fuse_mlp,0.003236245954692557,0.8286032276015582,1,1798,0.0,16.0,0.6131808122026181,varA,0.02
cardiovascular,2,indication,11514.0,p_A,0.0036363636363636364,0.8475236505286589,1,1798,0.0,2.0,0.689508300687737,varA,0.02
cardiovascular,2,indication,11514.0,p_B,0.003472222222222222,0.8402893711741792,1,1798,0.0,2.0,0.689508300687737,varA,0.02
cardiovascular,2,indication,11514.0,fuse_rankavg,0.004694835680751174,0.8823038397328882,1,1798,0.0,2.0,0.689508300687737,varA,0.02
cardiovascular,2,indication,11514.0,fuse_scalar,0.0035211267605633804,0.8425153032832499,1,1798,0.0,2.0,0.689508300687737,varA,0.02
cardiovascular,2,indication,11514.0,fuse_mlp,0.0033333333333333335,0.8336115748469671,1,1798,0.0,2.0,0.689508300687737,varA,0.02
cardiovascular,2,indication,8889.0,p_A,0.022222222222222223,0.9755147468002227,1,1798,0.0,2.0,0.6650748329582594,varA,0.02
cardiovascular,2,indication,8889.0,p_B,0.0007698229407236335,0.27768503060656646,1,1798,0.0,2.0,0.6650748329582594,varA,0.02
cardiovascular,2,indication,8889.0,fuse_rankavg,0.0015220700152207,0.6352253756260434,1,1798,0.0,2.0,0.6650748329582594,varA,0.02
cardiovascular,2,indication,8889.0,fuse_scalar,0.0007936507936507937,0.29938786867000555,1,1798,0.0,2.0,0.6650748329582594,varA,0.02
cardiovascular,2,indication,8889.0,fuse_mlp,0.007692307692307693,0.9282136894824707,1,1798,0.0,2.0,0.6650748329582594,varA,0.02
cardiovascular,2,indication,8638.0,p_A,0.011907092059763816,0.9317928730512249,2,1798,0.0,9.0,-0.14427658533851986,varA,0.02
cardiovascular,2,indication,8638.0,p_B,0.0034614787293774712,0.7544543429844098,2,1798,0.0,9.0,-0.14427658533851986,varA,0.02
cardiovascular,2,indication,8638.0,fuse_rankavg,0.034174311926605506,0.9649220489977728,2,1798,0.0,9.0,-0.14427658533851986,varA,0.02
cardiovascular,2,indication,8638.0,fuse_scalar,0.0036135016815304856,0.7641982182628062,2,1798,0.0,9.0,-0.14427658533851986,varA,0.02
cardiovascular,2,indication,8638.0,fuse_mlp,0.017246194665549504,0.9535077951002228,2,1798,0.0,9.0,-0.14427658533851986,varA,0.02
cardiovascular,2,indication,6812.0,p_A,0.0031901340007352164,0.7452672605790646,2,1798,0.0,6.0,0.010456131540765684,varA,0.02
cardiovascular,2,indication,6812.0,p_B,0.00434789935792649,0.8090200445434299,2,1798,0.0,6.0,0.010456131540765684,varA,0.02
cardiovascular,2,indication,6812.0,fuse_rankavg,0.011518632121647197,0.9239977728285078,2,1798,0.0,6.0,0.010456131540765684,varA,0.02
cardiovascular,2,indication,6812.0,fuse_scalar,0.004407989208476568,0.8120824053452116,2,1798,0.0,6.0,0.010456131540765684,varA,0.02
cardiovascular,2,indication,6812.0,fuse_mlp,0.00444375146176035,0.8176503340757239,2,1798,0.0,6.0,0.010456131540765684,varA,0.02
cardiovascular,2,indication,6658.0,p_A,0.001037344398340249,0.4641068447412354,1,1798,0.0,50.0,0.6392050325211964,varA,0.02
cardiovascular,2,indication,6658.0,p_B,0.0013717421124828531,0.5948803561491374,1,1798,0.0,50.0,0.6392050325211964,varA,0.02
cardiovascular,2,indication,6658.0,fuse_rankavg,0.0011904761904761906,0.5331107401224263,1,1798,0.0,50.0,0.6392050325211964,varA,0.02
cardiovascular,2,indication,6658.0,fuse_scalar,0.0013623978201634877,0.5920979410127991,1,1798,0.0,50.0,0.6392050325211964,varA,0.02
cardiovascular,2,indication,6658.0,fuse_mlp,0.0011750881316098707,0.5269894268224818,1,1798,0.0,50.0,0.6392050325211964,varA,0.02
cardiovascular,2,indication,5081.0,p_A,0.0007283321194464676,0.23650528658875902,1,1798,0.0,4.0,0.3470692847874457,varA,0.02
cardiovascular,2,indication,5081.0,p_B,0.0007132667617689016,0.22036727879799667,1,1798,0.0,4.0,0.3470692847874457,varA,0.02
cardiovascular,2,indication,5081.0,fuse_rankavg,0.0006583278472679394,0.1552587646076795,1,1798,0.0,4.0,0.3470692847874457,varA,0.02
cardiovascular,2,indication,5081.0,fuse_scalar,0.0007117437722419929,0.21869782971619367,1,1798,0.0,4.0,0.3470692847874457,varA,0.02
cardiovascular,2,indication,5081.0,fuse_mlp,0.000671591672263264,0.1719532554257095,1,1798,0.0,4.0,0.3470692847874457,varA,0.02
cardiovascular,2,indication,1641.0,p_A,0.007518796992481203,0.9265442404006679,1,1798,0.0,2.0,-0.39448458352547006,varA,0.02
cardiovascular,2,indication,1641.0,p_B,0.0007727975270479134,0.28046744574290483,1,1798,0.0,2.0,-0.39448458352547006,varA,0.02
cardiovascular,2,indication,1641.0,fuse_rankavg,0.002066115702479339,0.7312186978297162,1,1798,0.0,2.0,-0.39448458352547006,varA,0.02
cardiovascular,2,indication,1641.0,fuse_scalar,0.00078125,0.2882582081246522,1,1798,0.0,2.0,-0.39448458352547006,varA,0.02
cardiovascular,2,indication,1641.0,fuse_mlp,0.005128205128205128,0.8920422927100723,1,1798,0.0,2.0,-0.39448458352547006,varA,0.02
cardiovascular,2,indication,1072.0,p_A,0.0005561735261401557,0.5,1,1798,0.0,0.0,,varA,0.02
cardiovascular,2,indication,1072.0,p_B,0.0005561735261401557,0.5,1,1798,0.0,0.0,,varA,0.02
cardiovascular,2,indication,1072.0,fuse_rankavg,0.0005561735261401557,0.5,1,1798,0.0,0.0,,varA,0.02
cardiovascular,2,indication,1072.0,fuse_scalar,0.0005561735261401557,0.5,1,1798,0.0,0.0,,varA,0.02
cardiovascular,2,indication,1072.0,fuse_mlp,0.0005561735261401557,0.5,1,1798,0.0,0.0,,varA,0.02
cardiovascular,2,indication,945.0,p_A,0.0011806375442739079,0.530328324986088,1,1798,0.0,4.0,0.9387078340580987,varA,0.02
cardiovascular,2,indication,945.0,p_B,0.001199040767386091,0.5375626043405676,1,1798,0.0,4.0,0.9387078340580987,varA,0.02
cardiovascular,2,indication,945.0,fuse_rankavg,0.0011862396204033216,0.5325542570951586,1,1798,0.0,4.0,0.9387078340580987,varA,0.02
cardiovascular,2,indication,945.0,fuse_scalar,0.0011890606420927466,0.533667223149694,1,1798,0.0,4.0,0.9387078340580987,varA,0.02
cardiovascular,2,indication,945.0,fuse_mlp,0.0011876484560570072,0.5331107401224262,1,1798,0.0,4.0,0.9387078340580987,varA,0.02
cardiovascular,2,contraindication,19180.0,p_A,0.24312112841844444,0.7477642276422763,32,1262,0.0,17.0,0.38580474623544614,varA,0.02
cardiovascular,2,contraindication,19180.0,p_B,0.028611711537508203,0.5042936991869919,32,1262,0.0,17.0,0.38580474623544614,varA,0.02
cardiovascular,2,contraindication,19180.0,fuse_rankavg,0.05651024693946449,0.6510543699186992,32,1262,0.0,17.0,0.38580474623544614,varA,0.02
cardiovascular,2,contraindication,19180.0,fuse_scalar,0.029314558410860288,0.511204268292683,32,1262,0.0,17.0,0.38580474623544614,varA,0.02
cardiovascular,2,contraindication,19180.0,fuse_mlp,0.18497402041411323,0.7213414634146341,32,1262,0.0,17.0,0.38580474623544614,varA,0.02
cardiovascular,2,contraindication,5044.0,p_A,0.5112361411617414,0.7824547640568242,307,1262,0.0,19.0,0.42327042352318633,varA,0.02
cardiovascular,2,contraindication,5044.0,p_B,0.2844971308079459,0.5999624810273378,307,1262,0.0,19.0,0.42327042352318633,varA,0.02
cardiovascular,2,contraindication,5044.0,fuse_rankavg,0.4531748227077278,0.7266367651823935,307,1262,0.0,19.0,0.42327042352318633,varA,0.02
cardiovascular,2,contraindication,5044.0,fuse_scalar,0.2881382327946794,0.6047921960536863,307,1262,0.0,19.0,0.42327042352318633,varA,0.02
cardiovascular,2,contraindication,5044.0,fuse_mlp,0.49258039889389066,0.7472858434094515,307,1262,0.0,19.0,0.42327042352318633,varA,0.02
cardiovascular,2,contraindication,5294.0,p_A,0.12359430967091481,0.6107751736940528,61,1262,0.0,9.0,-0.5241377226880976,varA,0.02
cardiovascular,2,contraindication,5294.0,p_B,0.041416559443574794,0.4435238394234313,61,1262,0.0,9.0,-0.5241377226880976,varA,0.02
cardiovascular,2,contraindication,5294.0,fuse_rankavg,0.06906999503875748,0.5664541843545678,61,1262,0.0,9.0,-0.5241377226880976,varA,0.02
cardiovascular,2,contraindication,5294.0,fuse_scalar,0.041694014496311195,0.4464585522993134,61,1262,0.0,9.0,-0.5241377226880976,varA,0.02
cardiovascular,2,contraindication,5294.0,fuse_mlp,0.1327855266260617,0.6024214793682859,61,1262,0.0,9.0,-0.5241377226880976,varA,0.02
cardiovascular,2,contraindication,5009.0,p_A,0.15404382349211165,0.7004790877295249,94,1262,0.0,92.0,0.2563600839211416,varA,0.02
cardiovascular,2,contraindication,5009.0,p_B,0.0848671696290419,0.5610153745263772,94,1262,0.0,92.0,0.2563600839211416,varA,0.02
cardiovascular,2,contraindication,5009.0,fuse_rankavg,0.14995808570841604,0.6603623214806178,94,1262,0.0,92.0,0.2563600839211416,varA,0.02
cardiovascular,2,contraindication,5009.0,fuse_scalar,0.08566236649716558,0.5639390848149227,94,1262,0.0,92.0,0.2563600839211416,varA,0.02
cardiovascular,2,contraindication,5009.0,fuse_mlp,0.13175844467827255,0.6506484989798892,94,1262,0.0,92.0,0.2563600839211416,varA,0.02
cardiovascular,2,contraindication,1574.0,p_A,0.03626840267930464,0.6100609756097561,32,1262,0.0,7.0,0.43120711554703894,varA,0.02
cardiovascular,2,contraindication,1574.0,p_B,0.027377477935183955,0.4876270325203252,32,1262,0.0,7.0,0.43120711554703894,varA,0.02
cardiovascular,2,contraindication,1574.0,fuse_rankavg,0.035294864621166405,0.5570503048780489,32,1262,0.0,7.0,0.43120711554703894,varA,0.02
cardiovascular,2,contraindication,1574.0,fuse_scalar,0.027663883396385425,0.48993902439024395,32,1262,0.0,7.0,0.43120711554703894,varA,0.02
cardiovascular,2,contraindication,1574.0,fuse_mlp,0.03617762862218009,0.5871443089430894,32,1262,0.0,7.0,0.43120711554703894,varA,0.02
cardiovascular,2,contraindication,1576.0,p_A,0.03666867596488499,0.6167936991869919,32,1262,0.0,6.0,0.34024065071871235,varA,0.02
cardiovascular,2,contraindication,1576.0,p_B,0.02566026266986981,0.47261178861788616,32,1262,0.0,6.0,0.34024065071871235,varA,0.02
cardiovascular,2,contraindication,1576.0,fuse_rankavg,0.030465883275804625,0.556808943089431,32,1262,0.0,6.0,0.34024065071871235,varA,0.02
cardiovascular,2,contraindication,1576.0,fuse_scalar,0.025795818973931357,0.47466971544715447,32,1262,0.0,6.0,0.34024065071871235,varA,0.02
cardiovascular,2,contraindication,1576.0,fuse_mlp,0.03594635164313256,0.5916158536585365,32,1262,0.0,6.0,0.34024065071871235,varA,0.02
cardiovascular,2,contraindication,5386.0,p_A,0.07403807870520118,0.5570161290322581,62,1262,0.0,3.0,0.05696450934309445,varA,0.02
cardiovascular,2,contraindication,5386.0,p_B,0.04221706129294105,0.4183467741935484,62,1262,0.0,3.0,0.05696450934309445,varA,0.02
cardiovascular,2,contraindication,5386.0,fuse_rankavg,0.0720503018853604,0.49584005376344087,62,1262,0.0,3.0,0.05696450934309445,varA,0.02
cardiovascular,2,contraindication,5386.0,fuse_scalar,0.042501219170399965,0.42068548387096777,62,1262,0.0,3.0,0.05696450934309445,varA,0.02
cardiovascular,2,contraindication,5386.0,fuse_mlp,0.06830375323343216,0.5210080645161292,62,1262,0.0,3.0,0.05696450934309445,varA,0.02
cardiovascular,2,contraindication,5295.0,p_A,0.04117277899571196,0.43876004968537147,61,1262,0.0,2.0,0.9810618780951114,varA,0.02
cardiovascular,2,contraindication,5295.0,p_B,0.041536921607443766,0.4392923929512291,61,1262,0.0,2.0,0.9810618780951114,varA,0.02
cardiovascular,2,contraindication,5295.0,fuse_rankavg,0.04133455669366011,0.4386440261530691,61,1262,0.0,2.0,0.9810618780951114,varA,0.02
cardiovascular,2,contraindication,5295.0,fuse_scalar,0.04151110255326511,0.4390330462319652,61,1262,0.0,2.0,0.9810618780951114,varA,0.02
cardiovascular,2,contraindication,5295.0,fuse_mlp,0.0411799991868377,0.43860990158474494,61,1262,0.0,2.0,0.9810618780951114,varA,0.02
cardiovascular,2,contraindication,992.0,p_A,0.31976083659391763,0.695257768596877,215,1262,0.0,9.0,0.045923606228577794,varA,0.02
cardiovascular,2,contraindication,992.0,p_B,0.14491823106687277,0.43022145221119035,215,1262,0.0,9.0,0.045923606228577794,varA,0.02
cardiovascular,2,contraindication,992.0,fuse_rankavg,0.21414250154285824,0.5917949401390463,215,1262,0.0,9.0,0.045923606228577794,varA,0.02
cardiovascular,2,contraindication,992.0,fuse_scalar,0.14615152407111986,0.4343706270407143,215,1262,0.0,9.0,0.045923606228577794,varA,0.02
cardiovascular,2,contraindication,992.0,fuse_mlp,0.2590627753816781,0.6337175984540548,215,1262,0.0,9.0,0.045923606228577794,varA,0.02
cardiovascular,2,contraindication,5010.0,p_A,0.5443694589467296,0.7975229007633587,262,1262,0.0,216.0,0.4847768492710633,varA,0.02
cardiovascular,2,contraindication,5010.0,p_B,0.22760723936818114,0.5849312977099237,262,1262,0.0,216.0,0.4847768492710633,varA,0.02
cardiovascular,2,contraindication,5010.0,fuse_rankavg,0.34493036417237194,0.7210305343511451,262,1262,0.0,216.0,0.4847768492710633,varA,0.02
cardiovascular,2,contraindication,5010.0,fuse_scalar,0.22993253809800365,0.5899389312977099,262,1262,0.0,216.0,0.4847768492710633,varA,0.02
cardiovascular,2,contraindication,5010.0,fuse_mlp,0.2901618552946793,0.69643893129771,262,1262,0.0,216.0,0.4847768492710633,varA,0.02
cardiovascular,2,contraindication,465.0,p_A,0.05126913364688064,0.6213528932355338,35,1262,0.0,11.0,0.5440436524628752,varA,0.02
cardiovascular,2,contraindication,465.0,p_B,0.03300145584278373,0.5563627896146233,35,1262,0.0,11.0,0.5440436524628752,varA,0.02
cardiovascular,2,contraindication,465.0,fuse_rankavg,0.038720290212174976,0.600768424729305,35,1262,0.0,11.0,0.5440436524628752,varA,0.02
cardiovascular,2,contraindication,465.0,fuse_scalar,0.033265704283110015,0.559017347770404,35,1262,0.0,11.0,0.5440436524628752,varA,0.02
cardiovascular,2,contraindication,465.0,fuse_mlp,0.048978344374310055,0.6226336011177087,35,1262,0.0,11.0,0.5440436524628752,varA,0.02
cardiovascular,2,contraindication,6659.0,p_A,0.03565876667669412,0.5704896943255866,29,1262,0.0,1.0,0.9759021088379508,varA,0.02
cardiovascular,2,contraindication,6659.0,p_B,0.0434520932135027,0.5884721872640323,29,1262,0.0,1.0,0.9759021088379508,varA,0.02
cardiovascular,2,contraindication,6659.0,fuse_rankavg,0.03765911517800869,0.5794529742428056,29,1262,0.0,1.0,0.9759021088379508,varA,0.02
cardiovascular,2,contraindication,6659.0,fuse_scalar,0.0434096064528817,0.588080655535979,29,1262,0.0,1.0,0.9759021088379508,varA,0.02
cardiovascular,2,contraindication,6659.0,fuse_mlp,0.03874599421582806,0.5746846771261571,29,1262,0.0,1.0,0.9759021088379508,varA,0.02
cardiovascular,2,contraindication,5279.0,p_A,0.8063533610353338,0.945526751241037,37,1262,0.0,11.0,0.42034238992320605,varA,0.02
cardiovascular,2,contraindication,5279.0,p_B,0.03558110132697522,0.5954550468836183,37,1262,0.0,11.0,0.42034238992320605,varA,0.02
cardiovascular,2,contraindication,5279.0,fuse_rankavg,0.12549185224911155,0.825603971318257,37,1262,0.0,11.0,0.42034238992320605,varA,0.02
cardiovascular,2,contraindication,5279.0,fuse_scalar,0.03698905872823886,0.6086927744070602,37,1262,0.0,11.0,0.42034238992320605,varA,0.02
cardiovascular,2,contraindication,5279.0,fuse_mlp,0.6921355086872549,0.9381577495863209,37,1262,0.0,11.0,0.42034238992320605,varA,0.02
cardiovascular,2,contraindication,5267.0,p_A,0.16500702990738458,0.54750544115185,176,1262,0.0,59.0,0.16370042548953773,varA,0.02
cardiovascular,2,contraindication,5267.0,p_B,0.16365017060855913,0.5139848066298343,176,1262,0.0,59.0,0.16370042548953773,varA,0.02
cardiovascular,2,contraindication,5267.0,fuse_rankavg,0.1935129869374203,0.5369972166415538,176,1262,0.0,59.0,0.16370042548953773,varA,0.02
cardiovascular,2,contraindication,5267.0,fuse_scalar,0.16502397317983264,0.5146649506110832,176,1262,0.0,59.0,0.16370042548953773,varA,0.02
cardiovascular,2,contraindication,5267.0,fuse_mlp,0.20970321540238201,0.5393227858697472,176,1262,0.0,59.0,0.16370042548953773,varA,0.02
cardiovascular,2,contraindication,4995.0,p_A,0.17034117333039286,0.5609827557341369,176,1262,0.0,4.0,0.22353135987122563,varA,0.02
cardiovascular,2,contraindication,4995.0,p_B,0.14872464770927968,0.5155072827724761,176,1262,0.0,4.0,0.22353135987122563,varA,0.02
cardiovascular,2,contraindication,4995.0,fuse_rankavg,0.17223259691354997,0.5487035409342039,176,1262,0.0,4.0,0.22353135987122563,varA,0.02
cardiovascular,2,contraindication,4995.0,fuse_scalar,0.1492952816323166,0.5165379624979073,176,1262,0.0,4.0,0.22353135987122563,varA,0.02
cardiovascular,2,contraindication,4995.0,fuse_mlp,0.16697836646809877,0.5523449271722752,176,1262,0.0,4.0,0.22353135987122563,varA,0.02
cardiovascular,2,contraindication,11057.0,p_A,0.3092977645963997,0.8272554855866253,131,1262,0.0,30.0,0.06950251131458036,varA,0.02
cardiovascular,2,contraindication,11057.0,p_B,0.10435747896834423,0.5397439272143142,131,1262,0.0,30.0,0.06950251131458036,varA,0.02
cardiovascular,2,contraindication,11057.0,fuse_rankavg,0.29298316931987745,0.7505180175619766,131,1262,0.0,30.0,0.06950251131458036,varA,0.02
cardiovascular,2,contraindication,11057.0,fuse_scalar,0.105980976587105,0.5457104096219654,131,1262,0.0,30.0,0.06950251131458036,varA,0.02
cardiovascular,2,contraindication,11057.0,fuse_mlp,0.2923748391404787,0.7800973265569211,131,1262,0.0,30.0,0.06950251131458036,varA,0.02
cardiovascular,2,contraindication,2800.0,p_A,0.039332152169839596,0.5815040778246011,39,1262,0.0,4.0,0.9803854018815298,varA,0.02
cardiovascular,2,contraindication,2800.0,p_B,0.04206670950489018,0.5834329203094534,39,1262,0.0,4.0,0.9803854018815298,varA,0.02
cardiovascular,2,contraindication,2800.0,fuse_rankavg,0.04081601534796235,0.582961192527832,39,1262,0.0,4.0,0.9803854018815298,varA,0.02
cardiovascular,2,contraindication,2800.0,fuse_scalar,0.04195037212665181,0.5833909889510871,39,1262,0.0,4.0,0.9803854018815298,varA,0.02
cardiovascular,2,contraindication,2800.0,fuse_mlp,0.04074065091351354,0.5831184351217057,39,1262,0.0,4.0,0.9803854018815298,varA,0.02
cardiovascular,2,contraindication,5068.0,p_A,0.5964987549525673,0.8614762431333381,214,1262,0.0,83.0,0.271729745289884,varA,0.02
cardiovascular,2,contraindication,5068.0,p_B,0.20646713606727077,0.5963785046728972,214,1262,0.0,83.0,0.271729745289884,varA,0.02
cardiovascular,2,contraindication,5068.0,fuse_rankavg,0.4790252679928915,0.7910461404009417,214,1262,0.0,83.0,0.271729745289884,varA,0.02
cardiovascular,2,contraindication,5068.0,fuse_scalar,0.21029811127366227,0.6024693229649711,214,1262,0.0,83.0,0.271729745289884,varA,0.02
cardiovascular,2,contraindication,5068.0,fuse_mlp,0.4520385807726047,0.7742696368695156,214,1262,0.0,83.0,0.271729745289884,varA,0.02
cardiovascular,2,contraindication,2679.0,p_A,0.261400392320258,0.7986584657495007,109,1262,0.0,10.0,0.13363136397831082,varA,0.02
cardiovascular,2,contraindication,2679.0,p_B,0.09053290768973736,0.5415708522641375,109,1262,0.0,10.0,0.13363136397831082,varA,0.02
cardiovascular,2,contraindication,2679.0,fuse_rankavg,0.286352282379838,0.7227416313247452,109,1262,0.0,10.0,0.13363136397831082,varA,0.02
cardiovascular,2,contraindication,2679.0,fuse_scalar,0.09191097998097504,0.5465598319501579,109,1262,0.0,10.0,0.13363136397831082,varA,0.02
cardiovascular,2,contraindication,2679.0,fuse_mlp,0.2915746828721483,0.7588739387477422,109,1262,0.0,10.0,0.13363136397831082,varA,0.02
cardiovascular,2,contraindication,6716.0,p_A,0.5880622330511313,0.86074944709995,214,1262,0.0,87.0,0.23009666884198202,varA,0.02
cardiovascular,2,contraindication,6716.0,p_B,0.18857401042321753,0.5773881715060284,214,1262,0.0,87.0,0.23009666884198202,varA,0.02
cardiovascular,2,contraindication,6716.0,fuse_rankavg,0.43843437618051184,0.7802868837839766,214,1262,0.0,87.0,0.23009666884198202,varA,0.02
cardiovascular,2,contraindication,6716.0,fuse_scalar,0.19186662693846193,0.5840764785617465,214,1262,0.0,87.0,0.23009666884198202,varA,0.02
cardiovascular,2,contraindication,6716.0,fuse_mlp,0.3952742832130975,0.7633676963686952,214,1262,0.0,87.0,0.23009666884198202,varA,0.02
cardiovascular,2,contraindication,2277.0,p_A,0.2369382272566304,0.7804622804622805,74,1262,0.0,97.0,0.4274130020197357,varA,0.02
cardiovascular,2,contraindication,2277.0,p_B,0.06966890943345874,0.5822640822640823,74,1262,0.0,97.0,0.4274130020197357,varA,0.02
cardiovascular,2,contraindication,2277.0,fuse_rankavg,0.11933480319437496,0.7162730912730912,74,1262,0.0,97.0,0.4274130020197357,varA,0.02
cardiovascular,2,contraindication,2277.0,fuse_scalar,0.07066122670643232,0.5875307125307125,74,1262,0.0,97.0,0.4274130020197357,varA,0.02
cardiovascular,2,contraindication,2277.0,fuse_mlp,0.10572630314555502,0.6976976976976976,74,1262,0.0,97.0,0.4274130020197357,varA,0.02
cardiovascular,2,contraindication,4994.0,p_A,0.03568558562687518,0.7774557165861513,20,1262,0.0,35.0,0.30862764944352433,varA,0.02
cardiovascular,2,contraindication,4994.0,p_B,0.016196583736436378,0.4911433172302737,20,1262,0.0,35.0,0.30862764944352433,varA,0.02
cardiovascular,2,contraindication,4994.0,fuse_rankavg,0.04946573431617828,0.6607286634460547,20,1262,0.0,35.0,0.30862764944352433,varA,0.02
cardiovascular,2,contraindication,4994.0,fuse_scalar,0.016440384478802333,0.4955314009661836,20,1262,0.0,35.0,0.30862764944352433,varA,0.02
cardiovascular,2,contraindication,4994.0,fuse_mlp,0.0287719954331404,0.6777375201288245,20,1262,0.0,35.0,0.30862764944352433,varA,0.02
cardiovascular,2,contraindication,5311.0,p_A,0.24411005177794023,0.8144053144053144,74,1262,0.0,99.0,0.3609322015961805,varA,0.02
cardiovascular,2,contraindication,5311.0,p_B,0.06413977572045738,0.5744949494949496,74,1262,0.0,99.0,0.3609322015961805,varA,0.02
cardiovascular,2,contraindication,5311.0,fuse_rankavg,0.11514412154238209,0.7432148057148057,74,1262,0.0,99.0,0.3609322015961805,varA,0.02
cardiovascular,2,contraindication,5311.0,fuse_scalar,0.06491709457711176,0.5799777049777051,74,1262,0.0,99.0,0.3609322015961805,varA,0.02
cardiovascular,2,contraindication,5311.0,fuse_mlp,0.09609256961225122,0.7157157157157158,74,1262,0.0,99.0,0.3609322015961805,varA,0.02
cardiovascular,2,contraindication,6746.0,p_A,0.03188232963878434,0.7467793880837359,20,1262,0.0,28.0,0.3009376065996328,varA,0.02
cardiovascular,2,contraindication,6746.0,p_B,0.01656903185846172,0.50829307568438,20,1262,0.0,28.0,0.3009376065996328,varA,0.02
cardiovascular,2,contraindication,6746.0,fuse_rankavg,0.07598657082077725,0.649416264090177,20,1262,0.0,28.0,0.3009376065996328,varA,0.02
cardiovascular,2,contraindication,6746.0,fuse_scalar,0.016789230792576798,0.5126409017713366,20,1262,0.0,28.0,0.3009376065996328,varA,0.02
cardiovascular,2,contraindication,6746.0,fuse_mlp,0.029054670370190855,0.6614331723027376,20,1262,0.0,28.0,0.3009376065996328,varA,0.02
cardiovascular,2,contraindication,11479.0,p_A,0.08695305295540559,0.6380154192654192,78,1262,0.0,5.0,0.6007062932896287,varA,0.02
cardiovascular,2,contraindication,11479.0,p_B,0.07334296488458295,0.5668529106029105,78,1262,0.0,5.0,0.6007062932896287,varA,0.02
cardiovascular,2,contraindication,11479.0,fuse_rankavg,0.08742582533311022,0.61320816008316,78,1262,0.0,5.0,0.6007062932896287,varA,0.02
cardiovascular,2,contraindication,11479.0,fuse_scalar,0.07361053470623066,0.56871534996535,78,1262,0.0,5.0,0.6007062932896287,varA,0.02
cardiovascular,2,contraindication,11479.0,fuse_mlp,0.08542546056405431,0.6233757796257796,78,1262,0.0,5.0,0.6007062932896287,varA,0.02
cardiovascular,2,contraindication,1823.0,p_A,0.06722242340761564,0.6587615628521265,31,1262,0.0,17.0,0.5430982574759637,varA,0.02
cardiovascular,2,contraindication,1823.0,p_B,0.031672110116811474,0.5988574722884621,31,1262,0.0,17.0,0.5430982574759637,varA,0.02
cardiovascular,2,contraindication,1823.0,fuse_rankavg,0.04722482054795258,0.6452923141427112,31,1262,0.0,17.0,0.5430982574759637,varA,0.02
cardiovascular,2,contraindication,1823.0,fuse_scalar,0.03198817931677926,0.6013207201069155,31,1262,0.0,17.0,0.5430982574759637,varA,0.02
cardiovascular,2,contraindication,1823.0,fuse_mlp,0.051816695914831644,0.6524986242498887,31,1262,0.0,17.0,0.5430982574759637,varA,0.02
cardiovascular,2,contraindication,8364.0,p_A,0.05875648597944738,0.6415546427682349,26,1262,0.0,5.0,0.20520958627782282,varA,0.02
cardiovascular,2,contraindication,8364.0,p_B,0.016767655464711886,0.39752925068459055,26,1262,0.0,5.0,0.20520958627782282,varA,0.02
cardiovascular,2,contraindication,8364.0,fuse_rankavg,0.026101265582727975,0.509817649987553,26,1262,0.0,5.0,0.20520958627782282,varA,0.02
cardiovascular,2,contraindication,8364.0,fuse_scalar,0.016894894195787772,0.40148120487926314,26,1262,0.0,5.0,0.20520958627782282,varA,0.02
cardiovascular,2,contraindication,8364.0,fuse_mlp,0.04347464398505051,0.5641336818521284,26,1262,0.0,5.0,0.20520958627782282,varA,0.02
cardiovascular,2,contraindication,1370.0,p_A,0.00842021566703489,0.46461661341853033,10,1262,0.0,3.0,0.9751187684282003,varA,0.02
cardiovascular,2,contraindication,1370.0,p_B,0.008160205706943556,0.46669329073482424,10,1262,0.0,3.0,0.9751187684282003,varA,0.02
cardiovascular,2,contraindication,1370.0,fuse_rankavg,0.008293212168209937,0.4663338658146965,10,1262,0.0,3.0,0.9751187684282003,varA,0.02
cardiovascular,2,contraindication,1370.0,fuse_scalar,0.008164935374295473,0.46629392971246003,10,1262,0.0,3.0,0.9751187684282003,varA,0.02
cardiovascular,2,contraindication,1370.0,fuse_mlp,0.008339226800405275,0.46469648562300314,10,1262,0.0,3.0,0.9751187684282003,varA,0.02
cardiovascular,2,contraindication,5904.0,p_A,0.018877828593699467,0.644852354349561,9,1262,0.0,8.0,0.23604052480893895,varA,0.02
cardiovascular,2,contraindication,5904.0,p_B,0.007681406417929361,0.4701605036800567,9,1262,0.0,8.0,0.23604052480893895,varA,0.02
cardiovascular,2,contraindication,5904.0,fuse_rankavg,0.016776316279621294,0.5787886849339363,9,1262,0.0,8.0,0.23604052480893895,varA,0.02
cardiovascular,2,contraindication,5904.0,fuse_scalar,0.007794421003044285,0.4733528420679258,9,1262,0.0,8.0,0.23604052480893895,varA,0.02
cardiovascular,2,contraindication,5904.0,fuse_mlp,0.01966221618000837,0.6223286335018178,9,1262,0.0,8.0,0.23604052480893895,varA,0.02
cardiovascular,2,contraindication,18882.0,p_A,0.03095370975714764,0.7545671167593327,3,1262,0.0,21.0,0.11865023815479284,varA,0.02
cardiovascular,2,contraindication,18882.0,p_B,0.0074468005287209975,0.7013502779984114,3,1262,0.0,21.0,0.11865023815479284,varA,0.02
cardiovascular,2,contraindication,18882.0,fuse_rankavg,0.01626956572908085,0.8108287000264761,3,1262,0.0,21.0,0.11865023815479284,varA,0.02
cardiovascular,2,contraindication,18882.0,fuse_scalar,0.007629787399361489,0.7111464124966904,3,1262,0.0,21.0,0.11865023815479284,varA,0.02
cardiovascular,2,contraindication,18882.0,fuse_mlp,0.029668136946019743,0.8429970876356897,3,1262,0.0,21.0,0.11865023815479284,varA,0.02
cardiovascular,2,contraindication,5291.0,p_A,0.005789956687486858,0.6650781043155943,3,1262,0.0,2.0,0.9821367949475844,varA,0.02
cardiovascular,2,contraindication,5291.0,p_B,0.0060899867546051634,0.6775218427323272,3,1262,0.0,2.0,0.9821367949475844,varA,0.02
cardiovascular,2,contraindication,5291.0,fuse_rankavg,0.005987835722927332,0.6728885358750331,3,1262,0.0,2.0,0.9821367949475844,varA,0.02
cardiovascular,2,contraindication,5291.0,fuse_scalar,0.006070427071571447,0.6775218427323273,3,1262,0.0,2.0,0.9821367949475844,varA,0.02
cardiovascular,2,contraindication,5291.0,fuse_mlp,0.005835504837212089,0.6685199894095843,3,1262,0.0,2.0,0.9821367949475844,varA,0.02
cardiovascular,2,contraindication,6981.0,p_A,0.02253937865249249,0.7483333333333333,12,1262,0.0,51.0,0.2603076409989901,varA,0.02
cardiovascular,2,contraindication,6981.0,p_B,0.012328208785298472,0.5808,12,1262,0.0,51.0,0.2603076409989901,varA,0.02
cardiovascular,2,contraindication,6981.0,fuse_rankavg,0.02216220305132956,0.7119666666666666,12,1262,0.0,51.0,0.2603076409989901,varA,0.02
cardiovascular,2,contraindication,6981.0,fuse_scalar,0.012501121459224412,0.5861999999999999,12,1262,0.0,51.0,0.2603076409989901,varA,0.02
cardiovascular,2,contraindication,6981.0,fuse_mlp,0.01991613665792216,0.7177333333333333,12,1262,0.0,51.0,0.2603076409989901,varA,0.02
cardiovascular,2,contraindication,5783.0,p_A,0.010102575245375783,0.5665335463258786,10,1262,0.0,3.0,0.30632076435692474,varA,0.02
cardiovascular,2,contraindication,5783.0,p_B,0.00925181601736103,0.552076677316294,10,1262,0.0,3.0,0.30632076435692474,varA,0.02
cardiovascular,2,contraindication,5783.0,fuse_rankavg,0.010546187872771942,0.5652555910543131,10,1262,0.0,3.0,0.30632076435692474,varA,0.02
cardiovascular,2,contraindication,5783.0,fuse_scalar,0.009283708514185918,0.5524760383386581,10,1262,0.0,3.0,0.30632076435692474,varA,0.02
cardiovascular,2,contraindication,5783.0,fuse_mlp,0.009847176201367585,0.5633386581469648,10,1262,0.0,3.0,0.30632076435692474,varA,0.02
cardiovascular,2,contraindication,4745.0,p_A,0.09771895471211084,0.8873563218390803,15,1262,0.0,2.0,-0.28113201537342264,varA,0.02
cardiovascular,2,contraindication,4745.0,p_B,0.007597469348636958,0.23127506014434643,15,1262,0.0,2.0,-0.28113201537342264,varA,0.02
cardiovascular,2,contraindication,4745.0,fuse_rankavg,0.014412203824859752,0.5895749799518846,15,1262,0.0,2.0,-0.28113201537342264,varA,0.02
cardiovascular,2,contraindication,4745.0,fuse_scalar,0.0076581597054888794,0.23795776530339482,15,1262,0.0,2.0,-0.28113201537342264,varA,0.02
cardiovascular,2,contraindication,4745.0,fuse_mlp,0.040112142159772726,0.7515102913659449,15,1262,0.0,2.0,-0.28113201537342264,varA,0.02
cardiovascular,2,contraindication,2869.0,p_A,0.033662993591175874,0.6450444624090541,25,1262,0.0,5.0,-0.4144050715446509,varA,0.02
cardiovascular,2,contraindication,2869.0,p_B,0.02019074519328985,0.4769603880355699,25,1262,0.0,5.0,-0.4144050715446509,varA,0.02
cardiovascular,2,contraindication,2869.0,fuse_rankavg,0.043485958832041,0.6130153597413096,25,1262,0.0,5.0,-0.4144050715446509,varA,0.02
cardiovascular,2,contraindication,2869.0,fuse_scalar,0.02048779442991613,0.4801616814874697,25,1262,0.0,5.0,-0.4144050715446509,varA,0.02
cardiovascular,2,contraindication,2869.0,fuse_mlp,0.04770921758852362,0.6486014551333873,25,1262,0.0,5.0,-0.4144050715446509,varA,0.02
cardiovascular,2,contraindication,4596.0,p_A,0.3339623728418985,0.9386913875195586,49,1262,0.0,2.0,0.04551413520646286,varA,0.02
cardiovascular,2,contraindication,4596.0,p_B,0.039755556308589644,0.5398657401955012,49,1262,0.0,2.0,0.04551413520646286,varA,0.02
cardiovascular,2,contraindication,4596.0,fuse_rankavg,0.1514918514677645,0.8329996466847249,49,1262,0.0,2.0,0.04551413520646286,varA,0.02
cardiovascular,2,contraindication,4596.0,fuse_scalar,0.04075159892321184,0.5500950586335112,49,1262,0.0,2.0,0.04551413520646286,varA,0.02
cardiovascular,2,contraindication,4596.0,fuse_mlp,0.32044202971249625,0.9191581001732927,49,1262,0.0,2.0,0.04551413520646286,varA,0.02
cardiovascular,2,contraindication,5264.0,p_A,0.04846950250671509,0.616092375366569,22,1262,0.0,50.0,0.2810479163138533,varA,0.02
cardiovascular,2,contraindication,5264.0,p_B,0.015518502104467074,0.4300953079178885,22,1262,0.0,50.0,0.2810479163138533,varA,0.02
cardiovascular,2,contraindication,5264.0,fuse_rankavg,0.018886254437449557,0.5178702346041055,22,1262,0.0,50.0,0.2810479163138533,varA,0.02
cardiovascular,2,contraindication,5264.0,fuse_scalar,0.015615947856698679,0.43368768328445745,22,1262,0.0,50.0,0.2810479163138533,varA,0.02
cardiovascular,2,contraindication,5264.0,fuse_mlp,0.020166765127558297,0.5363269794721408,22,1262,0.0,50.0,0.2810479163138533,varA,0.02
cardiovascular,2,contraindication,1613.0,p_A,0.010286530153088115,0.33051982851018225,18,1262,0.0,10.0,0.3724968133734341,varA,0.02
cardiovascular,2,contraindication,1613.0,p_B,0.012532651827132594,0.43265451947123973,18,1262,0.0,10.0,0.3724968133734341,varA,0.02
cardiovascular,2,contraindication,1613.0,fuse_rankavg,0.010624333612062843,0.3496784565916399,18,1262,0.0,10.0,0.3724968133734341,varA,0.02
cardiovascular,2,contraindication,1613.0,fuse_scalar,0.012484308092687201,0.4295284030010718,18,1262,0.0,10.0,0.3724968133734341,varA,0.02
cardiovascular,2,contraindication,1613.0,fuse_mlp,0.010509676610576515,0.34271168274383706,18,1262,0.0,10.0,0.3724968133734341,varA,0.02
cardiovascular,2,contraindication,8504.0,p_A,0.08091202944620611,0.783418723800652,19,1262,0.0,4.0,0.35918526841920007,varA,0.02
cardiovascular,2,contraindication,8504.0,p_B,0.026133277643216882,0.6734555616716771,19,1262,0.0,4.0,0.35918526841920007,varA,0.02
cardiovascular,2,contraindication,8504.0,fuse_rankavg,0.08074085249632953,0.767921412541813,19,1262,0.0,4.0,0.35918526841920007,varA,0.02
cardiovascular,2,contraindication,8504.0,fuse_scalar,0.026679542647619924,0.6764195283058814,19,1262,0.0,4.0,0.35918526841920007,varA,0.02
cardiovascular,2,contraindication,8504.0,fuse_mlp,0.0710967765456591,0.7815133166786636,19,1262,0.0,4.0,0.35918526841920007,varA,0.02
cardiovascular,2,contraindication,8685.0,p_A,0.03629122726508709,0.7798984228815825,15,1262,0.0,2.0,0.2298671069478713,varA,0.02
cardiovascular,2,contraindication,8685.0,p_B,0.01275470975226079,0.5238171611868484,15,1262,0.0,2.0,0.2298671069478713,varA,0.02
cardiovascular,2,contraindication,8685.0,fuse_rankavg,0.027484874398399715,0.6922213311948677,15,1262,0.0,2.0,0.2298671069478713,varA,0.02
cardiovascular,2,contraindication,8685.0,fuse_scalar,0.012942762401436679,0.5293237102379044,15,1262,0.0,2.0,0.2298671069478713,varA,0.02
cardiovascular,2,contraindication,8685.0,fuse_mlp,0.030855802254325323,0.7350975674953221,15,1262,0.0,2.0,0.2298671069478713,varA,0.02
cardiovascular,2,contraindication,4978.0,p_A,0.020479054030891817,0.5811068298259728,19,1262,0.0,3.0,0.9778999600311546,varA,0.02
cardiovascular,2,contraindication,4978.0,p_B,0.019532321568945916,0.585679806918745,19,1262,0.0,3.0,0.9778999600311546,varA,0.02
cardiovascular,2,contraindication,4978.0,fuse_rankavg,0.020217554908320605,0.584811788118728,19,1262,0.0,3.0,0.9778999600311546,varA,0.02
cardiovascular,2,contraindication,4978.0,fuse_scalar,0.01963009018972471,0.585679806918745,19,1262,0.0,3.0,0.9778999600311546,varA,0.02
cardiovascular,2,contraindication,4978.0,fuse_mlp,0.02076174088717666,0.5806834060210865,19,1262,0.0,3.0,0.9778999600311546,varA,0.02
cardiovascular,2,contraindication,6945.0,p_A,0.026693839244778063,0.6441505115778138,24,1262,0.0,1.0,0.05531123980707128,varA,0.02
cardiovascular,2,contraindication,6945.0,p_B,0.0148268508346138,0.3923330640818524,24,1262,0.0,1.0,0.05531123980707128,varA,0.02
cardiovascular,2,contraindication,6945.0,fuse_rankavg,0.01962545317683398,0.5316875336564351,24,1262,0.0,1.0,0.05531123980707128,varA,0.02
cardiovascular,2,contraindication,6945.0,fuse_scalar,0.014891945992683848,0.39505923532579434,24,1262,0.0,1.0,0.05531123980707128,varA,0.02
cardiovascular,2,contraindication,6945.0,fuse_mlp,0.022896495098649598,0.5862277867528272,24,1262,0.0,1.0,0.05531123980707128,varA,0.02
cardiovascular,2,contraindication,4981.0,p_A,0.014353449368807888,0.5871680402930404,14,1262,0.0,132.0,0.5064991181270877,varA,0.02
cardiovascular,2,contraindication,4981.0,p_B,0.008902812778421232,0.38890796703296704,14,1262,0.0,132.0,0.5064991181270877,varA,0.02
cardiovascular,2,contraindication,4981.0,fuse_rankavg,0.010583759142832438,0.4791666666666667,14,1262,0.0,132.0,0.5064991181270877,varA,0.02
cardiovascular,2,contraindication,4981.0,fuse_scalar,0.008952575206470689,0.3925709706959707,14,1262,0.0,132.0,0.5064991181270877,varA,0.02
cardiovascular,2,contraindication,4981.0,fuse_mlp,0.010367822550982692,0.47372939560439564,14,1262,0.0,132.0,0.5064991181270877,varA,0.02
cardiovascular,2,contraindication,831.0,p_A,0.008099379281654715,0.6163747346072187,6,1262,0.0,9.0,-0.23180889011122885,varA,0.02
cardiovascular,2,contraindication,831.0,p_B,0.0050135721473682435,0.4648354564755839,6,1262,0.0,9.0,-0.23180889011122885,varA,0.02
cardiovascular,2,contraindication,831.0,fuse_rankavg,0.0067378869596198526,0.5798168789808917,6,1262,0.0,9.0,-0.23180889011122885,varA,0.02
cardiovascular,2,contraindication,831.0,fuse_scalar,0.005043366180429183,0.46682590233545646,6,1262,0.0,9.0,-0.23180889011122885,varA,0.02
cardiovascular,2,contraindication,831.0,fuse_mlp,0.007668082916744741,0.6240711252653928,6,1262,0.0,9.0,-0.23180889011122885,varA,0.02
cardiovascular,2,contraindication,5453.0,p_A,0.004183006535947713,0.7214285714285715,2,1262,0.0,19.0,0.26104179128011684,varA,0.02
cardiovascular,2,contraindication,5453.0,p_B,0.002305549824633794,0.4996031746031746,2,1262,0.0,19.0,0.26104179128011684,varA,0.02
cardiovascular,2,contraindication,5453.0,fuse_rankavg,0.0033000391696043872,0.6426587301587301,2,1262,0.0,19.0,0.26104179128011684,varA,0.02
cardiovascular,2,contraindication,5453.0,fuse_scalar,0.0023202341137123746,0.5027777777777778,2,1262,0.0,19.0,0.26104179128011684,varA,0.02
cardiovascular,2,contraindication,5453.0,fuse_mlp,0.0035736257373430317,0.6761904761904761,2,1262,0.0,19.0,0.26104179128011684,varA,0.02
cardiovascular,2,contraindication,4496.0,p_A,0.04387833454335971,0.8139952153110047,8,1262,0.0,12.0,0.30923611682652563,varA,0.02
cardiovascular,2,contraindication,4496.0,p_B,0.0063552796773470605,0.45574162679425834,8,1262,0.0,12.0,0.30923611682652563,varA,0.02
cardiovascular,2,contraindication,4496.0,fuse_rankavg,0.010485891271827783,0.6714015151515151,8,1262,0.0,12.0,0.30923611682652563,varA,0.02
cardiovascular,2,contraindication,4496.0,fuse_scalar,0.006448282122848405,0.46481259968102073,8,1262,0.0,12.0,0.30923611682652563,varA,0.02
cardiovascular,2,contraindication,4496.0,fuse_mlp,0.025427594493943124,0.7564792663476874,8,1262,0.0,12.0,0.30923611682652563,varA,0.02
cardiovascular,2,contraindication,5299.0,p_A,0.029975278549486888,0.7094085306375809,9,1262,0.0,56.0,0.11932290525294033,varA,0.02
cardiovascular,2,contraindication,5299.0,p_B,0.006303215040829889,0.41872838520883215,9,1262,0.0,56.0,0.11932290525294033,varA,0.02
cardiovascular,2,contraindication,5299.0,fuse_rankavg,0.009825200512080174,0.5868582069699387,9,1262,0.0,56.0,0.11932290525294033,varA,0.02
cardiovascular,2,contraindication,5299.0,fuse_scalar,0.006364965054602364,0.42449232952026245,9,1262,0.0,56.0,0.11932290525294033,varA,0.02
cardiovascular,2,contraindication,5299.0,fuse_mlp,0.011478071116466496,0.6248115633590494,9,1262,0.0,56.0,0.11932290525294033,varA,0.02
cardiovascular,2,contraindication,6021.0,p_A,0.0066752108409665395,0.2856666666666667,12,1262,0.0,1.0,0.9746551682944741,varA,0.02
cardiovascular,2,contraindication,6021.0,p_B,0.0065008285384321315,0.2624666666666667,12,1262,0.0,1.0,0.9746551682944741,varA,0.02
cardiovascular,2,contraindication,6021.0,fuse_rankavg,0.006569363661601694,0.2725666666666667,12,1262,0.0,1.0,0.9746551682944741,varA,0.02
cardiovascular,2,contraindication,6021.0,fuse_scalar,0.006504817590331529,0.263,12,1262,0.0,1.0,0.9746551682944741,varA,0.02
cardiovascular,2,contraindication,6021.0,fuse_mlp,0.006602392047259468,0.27673333333333333,12,1262,0.0,1.0,0.9746551682944741,varA,0.02
cardiovascular,2,contraindication,1632.0,p_A,0.0063630273498355115,0.4090626939788951,9,1262,0.0,1.0,0.9804629693230977,varA,0.02
cardiovascular,2,contraindication,1632.0,p_B,0.006568802490743076,0.41642280748426,9,1262,0.0,1.0,0.9804629693230977,varA,0.02
cardiovascular,2,contraindication,1632.0,fuse_rankavg,0.006460691494407842,0.41296444089740175,9,1262,0.0,1.0,0.9804629693230977,varA,0.02
cardiovascular,2,contraindication,1632.0,fuse_scalar,0.006559783910973853,0.41597942715261155,9,1262,0.0,1.0,0.9804629693230977,varA,0.02
cardiovascular,2,contraindication,1632.0,fuse_mlp,0.0063943269460593625,0.4102154828411812,9,1262,0.0,1.0,0.9804629693230977,varA,0.02
cardiovascular,2,contraindication,991.0,p_A,0.000792393026941363,0.5,1,1262,0.0,0.0,,varA,0.02
cardiovascular,2,contraindication,991.0,p_B,0.000792393026941363,0.5,1,1262,0.0,0.0,,varA,0.02
cardiovascular,2,contraindication,991.0,fuse_rankavg,0.000792393026941363,0.5,1,1262,0.0,0.0,,varA,0.02
cardiovascular,2,contraindication,991.0,fuse_scalar,0.000792393026941363,0.5,1,1262,0.0,0.0,,varA,0.02
cardiovascular,2,contraindication,991.0,fuse_mlp,0.000792393026941363,0.5,1,1262,0.0,0.0,,varA,0.02
cardiovascular,2,contraindication,6786.0,p_A,0.016905803371840302,0.8901033386327504,4,1262,0.0,3.0,0.35468770014834355,varA,0.02
cardiovascular,2,contraindication,6786.0,p_B,0.0046787730384594585,0.5806836248012719,4,1262,0.0,3.0,0.35468770014834355,varA,0.02
cardiovascular,2,contraindication,6786.0,fuse_rankavg,0.010665441338558698,0.8023648648648649,4,1262,0.0,3.0,0.35468770014834355,varA,0.02
cardiovascular,2,contraindication,6786.0,fuse_scalar,0.004777625536708582,0.5886327503974563,4,1262,0.0,3.0,0.35468770014834355,varA,0.02
cardiovascular,2,contraindication,6786.0,fuse_mlp,0.014145245320319886,0.8676470588235294,4,1262,0.0,3.0,0.35468770014834355,varA,0.02
cardiovascular,2,contraindication,8585.0,p_A,0.009604829803512809,0.4994431185361973,5,1262,0.0,5.0,0.03396718387349486,varA,0.02
cardiovascular,2,contraindication,8585.0,p_B,0.004314414643527059,0.377406523468576,5,1262,0.0,5.0,0.03396718387349486,varA,0.02
cardiovascular,2,contraindication,8585.0,fuse_rankavg,0.007786912906400382,0.40763723150357994,5,1262,0.0,5.0,0.03396718387349486,varA,0.02
cardiovascular,2,contraindication,8585.0,fuse_scalar,0.00430846322093781,0.37740652346857595,5,1262,0.0,5.0,0.03396718387349486,varA,0.02
cardiovascular,2,contraindication,8585.0,fuse_mlp,0.010337068298128055,0.40493237867939547,5,1262,0.0,5.0,0.03396718387349486,varA,0.02
cardiovascular,2,contraindication,4717.0,p_A,0.002377179080824089,0.5,3,1262,0.0,0.0,,varA,0.02
cardiovascular,2,contraindication,4717.0,p_B,0.002377179080824089,0.5,3,1262,0.0,0.0,,varA,0.02
cardiovascular,2,contraindication,4717.0,fuse_rankavg,0.002377179080824089,0.5,3,1262,0.0,0.0,,varA,0.02
cardiovascular,2,contraindication,4717.0,fuse_scalar,0.002377179080824089,0.5,3,1262,0.0,0.0,,varA,0.02
cardiovascular,2,contraindication,4717.0,fuse_mlp,0.002377179080824089,0.5,3,1262,0.0,0.0,,varA,0.02
cardiovascular,2,contraindication,565.0,p_A,0.011542554380080915,0.7015550239234449,8,1262,0.0,4.0,0.46725133006340475,varA,0.02
cardiovascular,2,contraindication,565.0,p_B,0.008188011672929926,0.5819377990430623,8,1262,0.0,4.0,0.46725133006340475,varA,0.02
cardiovascular,2,contraindication,565.0,fuse_rankavg,0.010644643317542614,0.6852073365231259,8,1262,0.0,4.0,0.46725133006340475,varA,0.02
cardiovascular,2,contraindication,565.0,fuse_scalar,0.008258192671905681,0.585725677830941,8,1262,0.0,4.0,0.46725133006340475,varA,0.02
cardiovascular,2,contraindication,565.0,fuse_mlp,0.011157034796553836,0.6991626794258373,8,1262,0.0,4.0,0.46725133006340475,varA,0.02
cardiovascular,2,contraindication,6805.0,p_A,0.0018083182640144665,0.5622521808088818,1,1262,0.0,4.0,0.5071485185750051,varA,0.02
cardiovascular,2,contraindication,6805.0,p_B,0.0048543689320388345,0.8374306106264869,1,1262,0.0,4.0,0.5071485185750051,varA,0.02
cardiovascular,2,contraindication,6805.0,fuse_rankavg,0.0033003300330033004,0.76050753370341,1,1262,0.0,4.0,0.5071485185750051,varA,0.02
cardiovascular,2,contraindication,6805.0,fuse_scalar,0.004807692307692308,0.8358445678033307,1,1262,0.0,4.0,0.5071485185750051,varA,0.02
cardiovascular,2,contraindication,6805.0,fuse_mlp,0.002304147465437788,0.6566217287866771,1,1262,0.0,4.0,0.5071485185750051,varA,0.02
cardiovascular,2,contraindication,5356.0,p_A,0.0015597384234711915,0.24563492063492065,2,1262,0.0,5.0,0.6185400932236224,varA,0.02
cardiovascular,2,contraindication,5356.0,p_B,0.0013911760190909472,0.15119047619047615,2,1262,0.0,5.0,0.6185400932236224,varA,0.02
cardiovascular,2,contraindication,5356.0,fuse_rankavg,0.001400349600860556,0.15734126984126984,2,1262,0.0,5.0,0.6185400932236224,varA,0.02
cardiovascular,2,contraindication,5356.0,fuse_scalar,0.0013912534814077547,0.15158730158730155,2,1262,0.0,5.0,0.6185400932236224,varA,0.02
cardiovascular,2,contraindication,5356.0,fuse_mlp,0.00142811658910596,0.17579365079365078,2,1262,0.0,5.0,0.6185400932236224,varA,0.02
cardiovascular,2,contraindication,5201.0,p_A,0.010983663538408064,0.6979083929044214,3,1262,0.0,9.0,0.4527297401851916,varA,0.02
cardiovascular,2,contraindication,5201.0,p_B,0.006699763286418829,0.7675403759597564,3,1262,0.0,9.0,0.4527297401851916,varA,0.02
cardiovascular,2,contraindication,5201.0,fuse_rankavg,0.013493320998832159,0.7807783955520254,3,1262,0.0,9.0,0.4527297401851916,varA,0.02
cardiovascular,2,contraindication,5201.0,fuse_scalar,0.006722988777263654,0.7667460947842202,3,1262,0.0,9.0,0.4527297401851916,varA,0.02
cardiovascular,2,contraindication,5201.0,fuse_mlp,0.010589867995454147,0.7378872120730738,3,1262,0.0,9.0,0.4527297401851916,varA,0.02
cardiovascular,2,contraindication,6711.0,p_A,0.007191888469381139,0.7064785373608903,4,1262,0.0,1.0,0.9828089247096988,varA,0.02
cardiovascular,2,contraindication,6711.0,p_B,0.007257197416165449,0.7150238473767885,4,1262,0.0,1.0,0.9828089247096988,varA,0.02
cardiovascular,2,contraindication,6711.0,fuse_rankavg,0.007268789970972255,0.7104531001589826,4,1262,0.0,1.0,0.9828089247096988,varA,0.02
cardiovascular,2,contraindication,6711.0,fuse_scalar,0.007247184603709525,0.7144276629570747,4,1262,0.0,1.0,0.9828089247096988,varA,0.02
cardiovascular,2,contraindication,6711.0,fuse_mlp,0.007274717965554075,0.7146263910969793,4,1262,0.0,1.0,0.9828089247096988,varA,0.02
cardiovascular,2,contraindication,1297.0,p_A,0.0027599946293769538,0.3135930047694754,4,1262,0.0,1.0,0.413855161848449,varA,0.02
cardiovascular,2,contraindication,1297.0,p_B,0.058373818867414454,0.7329093799682035,4,1262,0.0,1.0,0.413855161848449,varA,0.02
cardiovascular,2,contraindication,1297.0,fuse_rankavg,0.004492501965301132,0.5417329093799682,4,1262,0.0,1.0,0.413855161848449,varA,0.02
cardiovascular,2,contraindication,1297.0,fuse_scalar,0.04988362916942474,0.730127186009539,4,1262,0.0,1.0,0.413855161848449,varA,0.02
cardiovascular,2,contraindication,1297.0,fuse_mlp,0.0036503435333271913,0.46681240063593005,4,1262,0.0,1.0,0.413855161848449,varA,0.02
cardiovascular,2,contraindication,5081.0,p_A,0.011436928794946675,0.31816972599095505,9,1262,0.0,4.0,0.4157084756191685,varA,0.02
cardiovascular,2,contraindication,5081.0,p_B,0.009372372521961724,0.512902367650971,9,1262,0.0,4.0,0.4157084756191685,varA,0.02
cardiovascular,2,contraindication,5081.0,fuse_rankavg,0.0062995959304980136,0.40245632703733264,9,1262,0.0,4.0,0.4157084756191685,varA,0.02
cardiovascular,2,contraindication,5081.0,fuse_scalar,0.009157663315747307,0.5102420856610801,9,1262,0.0,4.0,0.4157084756191685,varA,0.02
cardiovascular,2,contraindication,5081.0,fuse_mlp,0.010091328783038407,0.38627294493216274,9,1262,0.0,4.0,0.4157084756191685,varA,0.02
cardiovascular,2,contraindication,1072.0,p_A,0.006339144215530904,0.5,8,1262,0.0,0.0,,varA,0.02
cardiovascular,2,contraindication,1072.0,p_B,0.006339144215530904,0.5,8,1262,0.0,0.0,,varA,0.02
cardiovascular,2,contraindication,1072.0,fuse_rankavg,0.006339144215530904,0.5,8,1262,0.0,0.0,,varA,0.02
cardiovascular,2,contraindication,1072.0,fuse_scalar,0.006339144215530904,0.5,8,1262,0.0,0.0,,varA,0.02
cardiovascular,2,contraindication,1072.0,fuse_mlp,0.006339144215530904,0.5,8,1262,0.0,0.0,,varA,0.02
cardiovascular,2,contraindication,17991.0,p_A,1.0,1.0,2,1262,0.0,13.0,0.4880181378374988,varA,0.02
cardiovascular,2,contraindication,17991.0,p_B,0.5163934426229508,0.9765873015873016,2,1262,0.0,13.0,0.4880181378374988,varA,0.02
cardiovascular,2,contraindication,17991.0,fuse_rankavg,0.6,0.9968253968253967,2,1262,0.0,13.0,0.4880181378374988,varA,0.02
cardiovascular,2,contraindication,17991.0,fuse_scalar,0.5172413793103449,0.9777777777777779,2,1262,0.0,13.0,0.4880181378374988,varA,0.02
cardiovascular,2,contraindication,17991.0,fuse_mlp,1.0,1.0,2,1262,0.0,13.0,0.4880181378374988,varA,0.02
cardiovascular,2,contraindication,10771.0,p_A,0.02139018524836618,0.7598178713716562,7,1262,0.0,5.0,0.28280127961202906,varA,0.02
cardiovascular,2,contraindication,10771.0,p_B,0.014021549924541878,0.7155378486055777,7,1262,0.0,5.0,0.28280127961202906,varA,0.02
cardiovascular,2,contraindication,10771.0,fuse_rankavg,0.017927215268440728,0.8077404667046101,7,1262,0.0,5.0,0.28280127961202906,varA,0.02
cardiovascular,2,contraindication,10771.0,fuse_scalar,0.014243987726983952,0.7217985202048947,7,1262,0.0,5.0,0.28280127961202906,varA,0.02
cardiovascular,2,contraindication,10771.0,fuse_mlp,0.019933671486533067,0.8102447353443369,7,1262,0.0,5.0,0.28280127961202906,varA,0.02
cardiovascular,2,contraindication,24573.0,p_A,0.010274084234652935,0.5980313913274807,9,1262,0.0,15.0,0.42297284682809494,varA,0.02
cardiovascular,2,contraindication,24573.0,p_B,0.010986421416989934,0.6464485235434956,9,1262,0.0,15.0,0.42297284682809494,varA,0.02
cardiovascular,2,contraindication,24573.0,fuse_rankavg,0.01142420347090414,0.6432118471224617,9,1262,0.0,15.0,0.42297284682809494,varA,0.02
cardiovascular,2,contraindication,24573.0,fuse_scalar,0.010942938791466798,0.6467145517424847,9,1262,0.0,15.0,0.42297284682809494,varA,0.02
cardiovascular,2,contraindication,24573.0,fuse_mlp,0.010427203273754106,0.6326150571960627,9,1262,0.0,15.0,0.42297284682809494,varA,0.02
cardiovascular,2,contraindication,745.0,p_A,0.008547008547008548,0.9080095162569389,1,1262,0.0,6.0,0.49113800040127054,varA,0.02
cardiovascular,2,contraindication,745.0,p_B,0.00558659217877095,0.858842188739096,1,1262,0.0,6.0,0.49113800040127054,varA,0.02
cardiovascular,2,contraindication,745.0,fuse_rankavg,0.016129032258064516,0.9516256938937351,1,1262,0.0,6.0,0.49113800040127054,varA,0.02
cardiovascular,2,contraindication,745.0,fuse_scalar,0.005649717514124294,0.8604282315622522,1,1262,0.0,6.0,0.49113800040127054,varA,0.02
cardiovascular,2,contraindication,745.0,fuse_mlp,0.007692307692307693,0.8977002379064235,1,1262,0.0,6.0,0.49113800040127054,varA,0.02
cardiovascular,2,contraindication,8889.0,p_A,0.003993375456956581,0.5282193958664547,4,1262,0.0,2.0,0.3698269160037208,varA,0.02
cardiovascular,2,contraindication,8889.0,p_B,0.00416842823626746,0.5069554848966613,4,1262,0.0,2.0,0.3698269160037208,varA,0.02
cardiovascular,2,contraindication,8889.0,fuse_rankavg,0.003847465071800981,0.5137122416534181,4,1262,0.0,2.0,0.3698269160037208,varA,0.02
cardiovascular,2,contraindication,8889.0,fuse_scalar,0.004174303600709178,0.5087440381558028,4,1262,0.0,2.0,0.3698269160037208,varA,0.02
cardiovascular,2,contraindication,8889.0,fuse_mlp,0.00386192227180885,0.5053656597774244,4,1262,0.0,2.0,0.3698269160037208,varA,0.02
cardiovascular,2,contraindication,5852.0,p_A,0.002609370933484262,0.4196452210749272,3,1262,0.0,1.0,0.9830812167592362,varA,0.02
cardiovascular,2,contraindication,5852.0,p_B,0.0028106686193796046,0.4442679375165475,3,1262,0.0,1.0,0.9830812167592362,varA,0.02
cardiovascular,2,contraindication,5852.0,fuse_rankavg,0.00267945407646172,0.43010325655281967,3,1262,0.0,1.0,0.9830812167592362,varA,0.02
cardiovascular,2,contraindication,5852.0,fuse_scalar,0.002809196882751145,0.4442679375165475,3,1262,0.0,1.0,0.9830812167592362,varA,0.02
cardiovascular,2,contraindication,5852.0,fuse_mlp,0.002630013925740486,0.42255758538522636,3,1262,0.0,1.0,0.9830812167592362,varA,0.02
cardiovascular,2,contraindication,6686.0,p_A,0.0035986161298900655,0.5634101138469685,3,1262,0.0,11.0,0.12317895400436393,varA,0.02
cardiovascular,2,contraindication,6686.0,p_B,0.004215123704297722,0.5766481334392374,3,1262,0.0,11.0,0.12317895400436393,varA,0.02
cardiovascular,2,contraindication,6686.0,fuse_rankavg,0.006031206089584828,0.6187450357426529,3,1262,0.0,11.0,0.12317895400436393,varA,0.02
cardiovascular,2,contraindication,6686.0,fuse_scalar,0.004254287247645881,0.5769128938310828,3,1262,0.0,11.0,0.12317895400436393,varA,0.02
cardiovascular,2,contraindication,6686.0,fuse_mlp,0.004236329237655568,0.57135292560233,3,1262,0.0,11.0,0.12317895400436393,varA,0.02
cardiovascular,2,contraindication,944.0,p_A,0.003335234927630164,0.5371988350542758,3,1262,0.0,13.0,0.09501416940193096,varA,0.02
cardiovascular,2,contraindication,944.0,p_B,0.005179324470663053,0.6213926396611067,3,1262,0.0,13.0,0.09501416940193096,varA,0.02
cardiovascular,2,contraindication,944.0,fuse_rankavg,0.006878111316690971,0.6388668255229017,3,1262,0.0,13.0,0.09501416940193096,varA,0.02
cardiovascular,2,contraindication,944.0,fuse_scalar,0.005230562406141069,0.6227164416203336,3,1262,0.0,13.0,0.09501416940193096,varA,0.02
cardiovascular,2,contraindication,944.0,fuse_mlp,0.004021757129383644,0.5639396346306593,3,1262,0.0,13.0,0.09501416940193096,varA,0.02
cardiovascular,2,contraindication,4910.0,p_A,0.006887664415215072,0.8011904761904762,2,1262,0.0,3.0,0.5625880324339612,varA,0.02
cardiovascular,2,contraindication,4910.0,p_B,0.00269455315326875,0.5714285714285714,2,1262,0.0,3.0,0.5625880324339612,varA,0.02
cardiovascular,2,contraindication,4910.0,fuse_rankavg,0.004431558124199993,0.719047619047619,2,1262,0.0,3.0,0.5625880324339612,varA,0.02
cardiovascular,2,contraindication,4910.0,fuse_scalar,0.002741305038533439,0.5785714285714286,2,1262,0.0,3.0,0.5625880324339612,varA,0.02
cardiovascular,2,contraindication,4910.0,fuse_mlp,0.006851851851851852,0.7797619047619047,2,1262,0.0,3.0,0.5625880324339612,varA,0.02
cardiovascular,2,contraindication,1298.0,p_A,0.00784313725490196,0.8257936507936509,2,1262,0.0,1.0,0.573738465596956,varA,0.02
cardiovascular,2,contraindication,1298.0,p_B,0.0202485966319166,0.944047619047619,2,1262,0.0,1.0,0.573738465596956,varA,0.02
cardiovascular,2,contraindication,1298.0,fuse_rankavg,0.01833060556464812,0.9311507936507937,2,1262,0.0,1.0,0.573738465596956,varA,0.02
cardiovascular,2,contraindication,1298.0,fuse_scalar,0.020238095238095236,0.944047619047619,2,1262,0.0,1.0,0.573738465596956,varA,0.02
cardiovascular,2,contraindication,1298.0,fuse_mlp,0.007623188405797102,0.8420634920634921,2,1262,0.0,1.0,0.573738465596956,varA,0.02
cardiovascular,2,contraindication,1641.0,p_A,0.004154477999973184,0.5822081016679905,3,1262,0.0,2.0,-0.006820448060039301,varA,0.02
cardiovascular,2,contraindication,1641.0,p_B,0.008471439690405664,0.35186656076250994,3,1262,0.0,2.0,-0.006820448060039301,varA,0.02
cardiovascular,2,contraindication,1641.0,fuse_rankavg,0.02112484993997599,0.42096902303415407,3,1262,0.0,2.0,-0.006820448060039301,varA,0.02
cardiovascular,2,contraindication,1641.0,fuse_scalar,0.008785206039346842,0.3516018003706645,3,1262,0.0,2.0,-0.006820448060039301,varA,0.02
cardiovascular,2,contraindication,1641.0,fuse_mlp,0.005565121672985703,0.4151442944135557,3,1262,0.0,2.0,-0.006820448060039301,varA,0.02
cardiovascular,2,contraindication,5385.0,p_A,0.002207505518763797,0.641554321966693,1,1262,0.0,30.0,0.013007884440584207,varA,0.02
cardiovascular,2,contraindication,5385.0,p_B,0.0008291873963515755,0.04440919904837426,1,1262,0.0,30.0,0.013007884440584207,varA,0.02
cardiovascular,2,contraindication,5385.0,fuse_rankavg,0.0010235414534288639,0.22601110229976207,1,1262,0.0,30.0,0.013007884440584207,varA,0.02
cardiovascular,2,contraindication,5385.0,fuse_scalar,0.0008305647840531562,0.04599524187153048,1,1262,0.0,30.0,0.013007884440584207,varA,0.02
cardiovascular,2,contraindication,5385.0,fuse_mlp,0.0010256410256410256,0.2275971451229183,1,1262,0.0,30.0,0.013007884440584207,varA,0.02
cardiovascular,2,contraindication,1956.0,p_A,0.0026666666666666666,0.7034099920697859,1,1262,0.0,2.0,0.06875100507958679,varA,0.02
cardiovascular,2,contraindication,1956.0,p_B,0.001059322033898305,0.2521808088818398,1,1262,0.0,2.0,0.06875100507958679,varA,0.02
cardiovascular,2,contraindication,1956.0,fuse_rankavg,0.0014084507042253522,0.43774781919111816,1,1262,0.0,2.0,0.06875100507958679,varA,0.02
cardiovascular,2,contraindication,1956.0,fuse_scalar,0.0010660980810234541,0.25693893735130846,1,1262,0.0,2.0,0.06875100507958679,varA,0.02
cardiovascular,2,contraindication,1956.0,fuse_mlp,0.0018115942028985507,0.56304520222046,1,1262,0.0,2.0,0.06875100507958679,varA,0.02
cardiovascular,2,contraindication,1221.0,p_A,0.004063648744999424,0.5244903362456976,3,1262,0.0,3.0,0.4483054585788399,varA,0.02
cardiovascular,2,contraindication,1221.0,p_B,0.0040096333992353074,0.4929838496160974,3,1262,0.0,3.0,0.4483054585788399,varA,0.02
cardiovascular,2,contraindication,1221.0,fuse_rankavg,0.003583346729345743,0.5187979878210219,3,1262,0.0,3.0,0.4483054585788399,varA,0.02
cardiovascular,2,contraindication,1221.0,fuse_scalar,0.004022477483199352,0.4953666931427058,3,1262,0.0,3.0,0.4483054585788399,varA,0.02
cardiovascular,2,contraindication,1221.0,fuse_mlp,0.003530054674481099,0.5160180037066455,3,1262,0.0,3.0,0.4483054585788399,varA,0.02
cardiovascular,2,contraindication,945.0,p_A,0.0022371364653243847,0.6463124504361617,1,1262,0.0,4.0,-0.05093378405079784,varA,0.02
cardiovascular,2,contraindication,945.0,p_B,0.005917159763313609,0.8667724028548771,1,1262,0.0,4.0,-0.05093378405079784,varA,0.02
cardiovascular,2,contraindication,945.0,fuse_rankavg,0.007874015748031496,0.9004758128469469,1,1262,0.0,4.0,-0.05093378405079784,varA,0.02
cardiovascular,2,contraindication,945.0,fuse_scalar,0.0058823529411764705,0.865979381443299,1,1262,0.0,4.0,-0.05093378405079784,varA,0.02
cardiovascular,2,contraindication,945.0,fuse_mlp,0.0040650406504065045,0.8057097541633624,1,1262,0.0,4.0,-0.05093378405079784,varA,0.02
cardiovascular,2,contraindication,1954.0,p_A,0.034482758620689655,0.9777954004758128,1,1262,0.0,1.0,0.979740873280312,varA,0.02
cardiovascular,2,contraindication,1954.0,p_B,0.125,0.9944488501189532,1,1262,0.0,1.0,0.979740873280312,varA,0.02
cardiovascular,2,contraindication,1954.0,fuse_rankavg,0.07692307692307693,0.9904837430610626,1,1262,0.0,1.0,0.979740873280312,varA,0.02
cardiovascular,2,contraindication,1954.0,fuse_scalar,0.125,0.9944488501189532,1,1262,0.0,1.0,0.979740873280312,varA,0.02
cardiovascular,2,contraindication,1954.0,fuse_mlp,0.07692307692307693,0.9904837430610627,1,1262,0.0,1.0,0.979740873280312,varA,0.02
cardiovascular,2,contraindication,6936.0,p_A,0.0028252398676264015,0.5666666666666667,2,1262,0.0,2.0,0.9796075661809178,varA,0.02
cardiovascular,2,contraindication,6936.0,p_B,0.0028575160837333857,0.586111111111111,2,1262,0.0,2.0,0.9796075661809178,varA,0.02
cardiovascular,2,contraindication,6936.0,fuse_rankavg,0.002827114745719397,0.5757936507936509,2,1262,0.0,2.0,0.9796075661809178,varA,0.02
cardiovascular,2,contraindication,6936.0,fuse_scalar,0.002849581087224784,0.5853174603174602,2,1262,0.0,2.0,0.9796075661809178,varA,0.02
cardiovascular,2,contraindication,6936.0,fuse_mlp,0.0028729368118421755,0.5773809523809523,2,1262,0.0,2.0,0.9796075661809178,varA,0.02
cardiovascular,2,contraindication,1612.0,p_A,0.0011173184357541898,0.2910388580491673,1,1262,0.0,9.0,0.4864172108014931,varA,0.02
cardiovascular,2,contraindication,1612.0,p_B,0.0013458950201884253,0.4115781126090404,1,1262,0.0,9.0,0.4864172108014931,varA,0.02
cardiovascular,2,contraindication,1612.0,fuse_rankavg,0.0011682242990654205,0.3219666931007137,1,1262,0.0,9.0,0.4864172108014931,varA,0.02
cardiovascular,2,contraindication,1612.0,fuse_scalar,0.0013333333333333333,0.40602696272799366,1,1262,0.0,9.0,0.4864172108014931,varA,0.02
cardiovascular,2,contraindication,1612.0,fuse_mlp,0.0011389521640091116,0.30452022204599527,1,1262,0.0,9.0,0.4864172108014931,varA,0.02
cardiovascular,2,contraindication,6690.0,p_A,0.0013175230566534915,0.39888977002379067,1,1262,0.0,8.0,0.581935347668802,varA,0.02
cardiovascular,2,contraindication,6690.0,p_B,0.0033333333333333335,0.7628865979381444,1,1262,0.0,8.0,0.581935347668802,varA,0.02
cardiovascular,2,contraindication,6690.0,fuse_rankavg,0.00196078431372549,0.5967486122125296,1,1262,0.0,8.0,0.581935347668802,varA,0.02
cardiovascular,2,contraindication,6690.0,fuse_scalar,0.003257328990228013,0.7573354480570975,1,1262,0.0,8.0,0.581935347668802,varA,0.02
cardiovascular,2,contraindication,6690.0,fuse_mlp,0.0016207455429497568,0.5114988104678826,1,1262,0.0,8.0,0.581935347668802,varA,0.02
cardiovascular,2,contraindication,4625.0,p_A,0.0013980106709578556,0.1515873015873016,2,1262,0.0,3.0,-0.2864940259726148,varA,0.02
cardiovascular,2,contraindication,4625.0,p_B,0.007992172211350294,0.625,2,1262,0.0,3.0,-0.2864940259726148,varA,0.02
cardiovascular,2,contraindication,4625.0,fuse_rankavg,0.0018355754155433873,0.3378968253968254,2,1262,0.0,3.0,-0.2864940259726148,varA,0.02
cardiovascular,2,contraindication,4625.0,fuse_scalar,0.007796610169491526,0.6202380952380953,2,1262,0.0,3.0,-0.2864940259726148,varA,0.02
cardiovascular,2,contraindication,4625.0,fuse_mlp,0.0015353441787761247,0.24682539682539684,2,1262,0.0,3.0,-0.2864940259726148,varA,0.02
cardiovascular,2,off-label use,17991.0,p_A,0.6564522778808493,0.990273556231003,7,477,0.0,13.0,0.5593508020991266,varA,0.02
cardiovascular,2,off-label use,17991.0,p_B,0.030238783700449405,0.7416413373860181,7,477,0.0,13.0,0.5593508020991266,varA,0.02
cardiovascular,2,off-label use,17991.0,fuse_rankavg,0.0924712493213442,0.9224924012158054,7,477,0.0,13.0,0.5593508020991266,varA,0.02
cardiovascular,2,off-label use,17991.0,fuse_scalar,0.03134891604529617,0.7516717325227964,7,477,0.0,13.0,0.5593508020991266,varA,0.02
cardiovascular,2,off-label use,17991.0,fuse_mlp,0.3083749583749583,0.9799392097264438,7,477,0.0,13.0,0.5593508020991266,varA,0.02
cardiovascular,2,off-label use,5267.0,p_A,0.1859485547293429,0.9659574468085107,7,477,0.0,59.0,-0.031942604337844946,varA,0.02
cardiovascular,2,off-label use,5267.0,p_B,0.05842590424086065,0.8726443768996961,7,477,0.0,59.0,-0.031942604337844946,varA,0.02
cardiovascular,2,off-label use,5267.0,fuse_rankavg,0.37580426819557256,0.9843465045592705,7,477,0.0,59.0,-0.031942604337844946,varA,0.02
cardiovascular,2,off-label use,5267.0,fuse_scalar,0.06057501708817498,0.8775075987841945,7,477,0.0,59.0,-0.031942604337844946,varA,0.02
cardiovascular,2,off-label use,5267.0,fuse_mlp,0.16844639126422806,0.9610942249240122,7,477,0.0,59.0,-0.031942604337844946,varA,0.02
cardiovascular,2,off-label use,5904.0,p_A,0.2984338578088578,0.9656183368869936,8,477,0.0,8.0,0.018145974163106617,varA,0.02
cardiovascular,2,off-label use,5904.0,p_B,0.025749483939214297,0.662046908315565,8,477,0.0,8.0,0.018145974163106617,varA,0.02
cardiovascular,2,off-label use,5904.0,fuse_rankavg,0.16113446188785746,0.95295842217484,8,477,0.0,8.0,0.018145974163106617,varA,0.02
cardiovascular,2,off-label use,5904.0,fuse_scalar,0.026490282279448073,0.6719083155650319,8,477,0.0,8.0,0.018145974163106617,varA,0.02
cardiovascular,2,off-label use,5904.0,fuse_mlp,0.3578690849380505,0.9741471215351812,8,477,0.0,8.0,0.018145974163106617,varA,0.02
cardiovascular,2,off-label use,4496.0,p_A,0.30324199609913893,0.9802431610942249,7,477,0.0,12.0,0.062154438115982674,varA,0.02
cardiovascular,2,off-label use,4496.0,p_B,0.03633802251140504,0.790273556231003,7,477,0.0,12.0,0.062154438115982674,varA,0.02
cardiovascular,2,off-label use,4496.0,fuse_rankavg,0.185609243697479,0.9644376899696049,7,477,0.0,12.0,0.062154438115982674,varA,0.02
cardiovascular,2,off-label use,4496.0,fuse_scalar,0.03825542465038492,0.8012158054711246,7,477,0.0,12.0,0.062154438115982674,varA,0.02
cardiovascular,2,off-label use,4496.0,fuse_mlp,0.37136941733215023,0.9851063829787233,7,477,0.0,12.0,0.062154438115982674,varA,0.02
cardiovascular,2,off-label use,18882.0,p_A,0.19660598007556387,0.951226012793177,8,477,0.0,21.0,-0.06172034955959527,varA,0.02
cardiovascular,2,off-label use,18882.0,p_B,0.03811607056673738,0.7689232409381663,8,477,0.0,21.0,-0.06172034955959527,varA,0.02
cardiovascular,2,off-label use,18882.0,fuse_rankavg,0.25258328080908726,0.9697494669509595,8,477,0.0,21.0,-0.06172034955959527,varA,0.02
cardiovascular,2,off-label use,18882.0,fuse_scalar,0.040396443808000226,0.7830490405117271,8,477,0.0,21.0,-0.06172034955959527,varA,0.02
cardiovascular,2,off-label use,18882.0,fuse_mlp,0.3263585344086177,0.9749466950959488,8,477,0.0,21.0,-0.06172034955959527,varA,0.02
cardiovascular,2,off-label use,1221.0,p_A,0.009900990099009901,0.7899159663865546,1,477,0.0,3.0,0.38819552228698107,varA,0.02
cardiovascular,2,off-label use,1221.0,p_B,0.006535947712418301,0.680672268907563,1,477,0.0,3.0,0.38819552228698107,varA,0.02
cardiovascular,2,off-label use,1221.0,fuse_rankavg,0.010752688172043012,0.8077731092436975,1,477,0.0,3.0,0.38819552228698107,varA,0.02
cardiovascular,2,off-label use,1221.0,fuse_scalar,0.006711409395973154,0.6890756302521008,1,477,0.0,3.0,0.38819552228698107,varA,0.02
cardiovascular,2,off-label use,1221.0,fuse_mlp,0.014285714285714285,0.8550420168067226,1,477,0.0,3.0,0.38819552228698107,varA,0.02
cardiovascular,2,off-label use,11057.0,p_A,0.023513513513513516,0.8726315789473684,2,477,0.0,30.0,0.412340841336818,varA,0.02
cardiovascular,2,off-label use,11057.0,p_B,0.007397435555674033,0.588421052631579,2,477,0.0,30.0,0.412340841336818,varA,0.02
cardiovascular,2,off-label use,11057.0,fuse_rankavg,0.014801938474504846,0.7957894736842105,2,477,0.0,30.0,0.412340841336818,varA,0.02
cardiovascular,2,off-label use,11057.0,fuse_scalar,0.007589999719408514,0.5989473684210527,2,477,0.0,30.0,0.412340841336818,varA,0.02
cardiovascular,2,off-label use,11057.0,fuse_mlp,0.018774069319640565,0.8368421052631579,2,477,0.0,30.0,0.412340841336818,varA,0.02
cardiovascular,2,off-label use,2679.0,p_A,0.02674825174825175,0.8884210526315789,2,477,0.0,10.0,0.5908090648880019,varA,0.02
cardiovascular,2,off-label use,2679.0,p_B,0.007792207792207792,0.6094736842105264,2,477,0.0,10.0,0.5908090648880019,varA,0.02
cardiovascular,2,off-label use,2679.0,fuse_rankavg,0.014355742296918767,0.7905263157894737,2,477,0.0,10.0,0.5908090648880019,varA,0.02
cardiovascular,2,off-label use,2679.0,fuse_scalar,0.007940887907775324,0.6168421052631579,2,477,0.0,10.0,0.5908090648880019,varA,0.02
cardiovascular,2,off-label use,2679.0,fuse_mlp,0.02488425925925926,0.8789473684210526,2,477,0.0,10.0,0.5908090648880019,varA,0.02
cardiovascular,2,off-label use,11479.0,p_A,0.08691451519834864,0.9139817629179332,7,477,0.0,5.0,0.17200051413952805,varA,0.02
cardiovascular,2,off-label use,11479.0,p_B,0.0263361123428491,0.7021276595744681,7,477,0.0,5.0,0.17200051413952805,varA,0.02
cardiovascular,2,off-label use,11479.0,fuse_rankavg,0.0943647028934456,0.9100303951367781,7,477,0.0,5.0,0.17200051413952805,varA,0.02
cardiovascular,2,off-label use,11479.0,fuse_scalar,0.02716829554462487,0.7106382978723405,7,477,0.0,5.0,0.17200051413952805,varA,0.02
cardiovascular,2,off-label use,11479.0,fuse_mlp,0.11088231610613468,0.9343465045592705,7,477,0.0,5.0,0.17200051413952805,varA,0.02
cardiovascular,2,off-label use,4981.0,p_A,0.18143545234307798,0.7442564745196324,21,477,0.0,132.0,0.18655685457176457,varA,0.02
cardiovascular,2,off-label use,4981.0,p_B,0.03101361877698484,0.3185045948203843,21,477,0.0,132.0,0.18655685457176457,varA,0.02
cardiovascular,2,off-label use,4981.0,fuse_rankavg,0.062313436137982486,0.5312238930659983,21,477,0.0,132.0,0.18655685457176457,varA,0.02
cardiovascular,2,off-label use,4981.0,fuse_scalar,0.0313372582116685,0.32560568086883873,21,477,0.0,132.0,0.18655685457176457,varA,0.02
cardiovascular,2,off-label use,4981.0,fuse_mlp,0.04305243754661622,0.4934210526315789,21,477,0.0,132.0,0.18655685457176457,varA,0.02
cardiovascular,2,off-label use,4910.0,p_A,0.08766424035411377,0.9225053078556263,6,477,0.0,3.0,0.4334664475584591,varA,0.02
cardiovascular,2,off-label use,4910.0,p_B,0.02081532524171852,0.6733899504600142,6,477,0.0,3.0,0.4334664475584591,varA,0.02
cardiovascular,2,off-label use,4910.0,fuse_rankavg,0.058235752830013095,0.8736730360934183,6,477,0.0,3.0,0.4334664475584591,varA,0.02
cardiovascular,2,off-label use,4910.0,fuse_scalar,0.02142857197076495,0.6818825194621373,6,477,0.0,3.0,0.4334664475584591,varA,0.02
cardiovascular,2,off-label use,4910.0,fuse_mlp,0.09273976092813467,0.9274593064401981,6,477,0.0,3.0,0.4334664475584591,varA,0.02
cardiovascular,2,off-label use,6727.0,p_A,0.11061513280424734,0.6946532999164577,21,477,0.0,29.0,0.384426050288927,varA,0.02
cardiovascular,2,off-label use,6727.0,p_B,0.041374923538194455,0.49248120300751885,21,477,0.0,29.0,0.384426050288927,varA,0.02
cardiovascular,2,off-label use,6727.0,fuse_rankavg,0.06108365360990773,0.5963345864661653,21,477,0.0,29.0,0.384426050288927,varA,0.02
cardiovascular,2,off-label use,6727.0,fuse_scalar,0.041672566955015075,0.49665831244778613,21,477,0.0,29.0,0.384426050288927,varA,0.02
cardiovascular,2,off-label use,6727.0,fuse_mlp,0.08281185732291776,0.6317878028404345,21,477,0.0,29.0,0.384426050288927,varA,0.02
cardiovascular,2,off-label use,1298.0,p_A,0.09533058315953052,0.9278131634819533,6,477,0.0,1.0,0.45979536693944617,varA,0.02
cardiovascular,2,off-label use,1298.0,p_B,0.040619118987651505,0.8361641896673744,6,477,0.0,1.0,0.45979536693944617,varA,0.02
cardiovascular,2,off-label use,1298.0,fuse_rankavg,0.1477468180254558,0.9492215145081387,6,477,0.0,1.0,0.45979536693944617,varA,0.02
cardiovascular,2,off-label use,1298.0,fuse_scalar,0.04279374694460083,0.8446567586694975,6,477,0.0,1.0,0.45979536693944617,varA,0.02
cardiovascular,2,off-label use,1298.0,fuse_mlp,0.08823500643894605,0.9274593064401981,6,477,0.0,1.0,0.45979536693944617,varA,0.02
cardiovascular,2,off-label use,5044.0,p_A,0.03538011695906433,0.9157894736842105,2,477,0.0,19.0,0.017087510141125768,varA,0.02
cardiovascular,2,off-label use,5044.0,p_B,0.00665856890459364,0.5368421052631579,2,477,0.0,19.0,0.017087510141125768,varA,0.02
cardiovascular,2,off-label use,5044.0,fuse_rankavg,0.02250368912936547,0.8510526315789473,2,477,0.0,19.0,0.017087510141125768,varA,0.02
cardiovascular,2,off-label use,5044.0,fuse_scalar,0.0067746652652744144,0.5452631578947369,2,477,0.0,19.0,0.017087510141125768,varA,0.02
cardiovascular,2,off-label use,5044.0,fuse_mlp,0.049206349206349205,0.9210526315789475,2,477,0.0,19.0,0.017087510141125768,varA,0.02
cardiovascular,2,off-label use,6981.0,p_A,0.011345829651868224,0.4495762711864407,5,477,0.0,51.0,0.4085469338902256,varA,0.02
cardiovascular,2,off-label use,6981.0,p_B,0.009398987641856508,0.3550847457627119,5,477,0.0,51.0,0.4085469338902256,varA,0.02
cardiovascular,2,off-label use,6981.0,fuse_rankavg,0.009585850152634965,0.37500000000000006,5,477,0.0,51.0,0.4085469338902256,varA,0.02
cardiovascular,2,off-label use,6981.0,fuse_scalar,0.009387546216967082,0.35466101694915253,5,477,0.0,51.0,0.4085469338902256,varA,0.02
cardiovascular,2,off-label use,6981.0,fuse_mlp,0.009506725040514304,0.36991525423728816,5,477,0.0,51.0,0.4085469338902256,varA,0.02
cardiovascular,2,off-label use,8364.0,p_A,0.015495091578947792,0.6273784355179705,4,477,0.0,5.0,0.6323255553605264,varA,0.02
cardiovascular,2,off-label use,8364.0,p_B,0.006970862047598697,0.2880549682875264,4,477,0.0,5.0,0.6323255553605264,varA,0.02
cardiovascular,2,off-label use,8364.0,fuse_rankavg,0.00927110063139475,0.4513742071881607,4,477,0.0,5.0,0.6323255553605264,varA,0.02
cardiovascular,2,off-label use,8364.0,fuse_scalar,0.007026415551105717,0.2938689217758985,4,477,0.0,5.0,0.6323255553605264,varA,0.02
cardiovascular,2,off-label use,8364.0,fuse_mlp,0.010959110026974483,0.4931289640591966,4,477,0.0,5.0,0.6323255553605264,varA,0.02
cardiovascular,2,off-label use,5068.0,p_A,0.053191448721653954,0.8143399810066476,9,477,0.0,83.0,0.33975263254641414,varA,0.02
cardiovascular,2,off-label use,5068.0,p_B,0.01762372196397386,0.4432573599240266,9,477,0.0,83.0,0.33975263254641414,varA,0.02
cardiovascular,2,off-label use,5068.0,fuse_rankavg,0.029382436035339618,0.6747388414055081,9,477,0.0,83.0,0.33975263254641414,varA,0.02
cardiovascular,2,off-label use,5068.0,fuse_scalar,0.017935833627288914,0.45322886989553657,9,477,0.0,83.0,0.33975263254641414,varA,0.02
cardiovascular,2,off-label use,5068.0,fuse_mlp,0.027530125068012685,0.6505223171889838,9,477,0.0,83.0,0.33975263254641414,varA,0.02
cardiovascular,2,off-label use,6716.0,p_A,0.05328044565685324,0.8155270655270656,9,477,0.0,87.0,0.5979776072886188,varA,0.02
cardiovascular,2,off-label use,6716.0,p_B,0.025831850385811886,0.6182336182336182,9,477,0.0,87.0,0.5979776072886188,varA,0.02
cardiovascular,2,off-label use,6716.0,fuse_rankavg,0.04064832930386526,0.7509496676163343,9,477,0.0,87.0,0.5979776072886188,varA,0.02
cardiovascular,2,off-label use,6716.0,fuse_scalar,0.026212054967247347,0.6236942070275404,9,477,0.0,87.0,0.5979776072886188,varA,0.02
cardiovascular,2,off-label use,6716.0,fuse_mlp,0.0370693779041183,0.7378917378917379,9,477,0.0,87.0,0.5979776072886188,varA,0.02
cardiovascular,2,off-label use,745.0,p_A,0.007518796992481203,0.7226890756302521,1,477,0.0,6.0,0.17003296297780768,varA,0.02
cardiovascular,2,off-label use,745.0,p_B,0.007518796992481203,0.7226890756302521,1,477,0.0,6.0,0.17003296297780768,varA,0.02
cardiovascular,2,off-label use,745.0,fuse_rankavg,0.011235955056179775,0.8161764705882353,1,477,0.0,6.0,0.17003296297780768,varA,0.02
cardiovascular,2,off-label use,745.0,fuse_scalar,0.007518796992481203,0.7226890756302521,1,477,0.0,6.0,0.17003296297780768,varA,0.02
cardiovascular,2,off-label use,745.0,fuse_mlp,0.009523809523809525,0.7815126050420168,1,477,0.0,6.0,0.17003296297780768,varA,0.02
cardiovascular,2,off-label use,4745.0,p_A,0.006017879589407221,0.3192686357243319,3,477,0.0,2.0,0.9202758662629104,varA,0.02
cardiovascular,2,off-label use,4745.0,p_B,0.00458900543218782,0.1068917018284107,3,477,0.0,2.0,0.9202758662629104,varA,0.02
cardiovascular,2,off-label use,4745.0,fuse_rankavg,0.005205510540002694,0.2078059071729958,3,477,0.0,2.0,0.9202758662629104,varA,0.02
cardiovascular,2,off-label use,4745.0,fuse_scalar,0.004592472562063038,0.10759493670886078,3,477,0.0,2.0,0.9202758662629104,varA,0.02
cardiovascular,2,off-label use,4745.0,fuse_mlp,0.005259031536898528,0.21659634317862164,3,477,0.0,2.0,0.9202758662629104,varA,0.02
cardiovascular,2,off-label use,6021.0,p_A,0.003258925173175002,0.03789473684210526,2,477,0.0,1.0,0.9121352131675002,varA,0.02
cardiovascular,2,off-label use,6021.0,p_B,0.003776726365728539,0.1726315789473684,2,477,0.0,1.0,0.9121352131675002,varA,0.02
cardiovascular,2,off-label use,6021.0,fuse_rankavg,0.00348031598031598,0.09736842105263158,2,477,0.0,1.0,0.9121352131675002,varA,0.02
cardiovascular,2,off-label use,6021.0,fuse_scalar,0.0037572988068037575,0.16736842105263156,2,477,0.0,1.0,0.9121352131675002,varA,0.02
cardiovascular,2,off-label use,6021.0,fuse_mlp,0.003424801005446167,0.0831578947368421,2,477,0.0,1.0,0.9121352131675002,varA,0.02
cardiovascular,2,off-label use,5264.0,p_A,0.07386363636363637,0.9021052631578947,2,477,0.0,50.0,0.3176413158102051,varA,0.02
cardiovascular,2,off-label use,5264.0,p_B,0.006916340855568512,0.5589473684210526,2,477,0.0,50.0,0.3176413158102051,varA,0.02
cardiovascular,2,off-label use,5264.0,fuse_rankavg,0.015214624551660304,0.7973684210526315,2,477,0.0,50.0,0.3176413158102051,varA,0.02
cardiovascular,2,off-label use,5264.0,fuse_scalar,0.007072775766812726,0.5684210526315789,2,477,0.0,50.0,0.3176413158102051,varA,0.02
cardiovascular,2,off-label use,5264.0,fuse_mlp,0.015363786202024958,0.7936842105263158,2,477,0.0,50.0,0.3176413158102051,varA,0.02
cardiovascular,2,off-label use,5299.0,p_A,0.0034129692832764505,0.38655462184873945,1,477,0.0,56.0,0.6020133261648646,varA,0.02
cardiovascular,2,off-label use,5299.0,p_B,0.0056179775280898875,0.6281512605042017,1,477,0.0,56.0,0.6020133261648646,varA,0.02
cardiovascular,2,off-label use,5299.0,fuse_rankavg,0.004424778761061947,0.5273109243697478,1,477,0.0,56.0,0.6020133261648646,varA,0.02
cardiovascular,2,off-label use,5299.0,fuse_scalar,0.00558659217877095,0.6260504201680672,1,477,0.0,56.0,0.6020133261648646,varA,0.02
cardiovascular,2,off-label use,5299.0,fuse_mlp,0.004347826086956522,0.51890756302521,1,477,0.0,56.0,0.6020133261648646,varA,0.02
cardiovascular,2,off-label use,5294.0,p_A,0.025,0.9180672268907563,1,477,0.0,9.0,-0.2711357922655171,varA,0.02
cardiovascular,2,off-label use,5294.0,p_B,0.006211180124223602,0.6638655462184874,1,477,0.0,9.0,-0.2711357922655171,varA,0.02
cardiovascular,2,off-label use,5294.0,fuse_rankavg,0.05,0.9611344537815125,1,477,0.0,9.0,-0.2711357922655171,varA,0.02
cardiovascular,2,off-label use,5294.0,fuse_scalar,0.006369426751592357,0.6722689075630253,1,477,0.0,9.0,-0.2711357922655171,varA,0.02
cardiovascular,2,off-label use,5294.0,fuse_mlp,0.058823529411764705,0.9663865546218487,1,477,0.0,9.0,-0.2711357922655171,varA,0.02
cardiovascular,2,off-label use,5386.0,p_A,0.018867924528301886,0.8907563025210083,1,477,0.0,3.0,-0.38657150478412355,varA,0.02
cardiovascular,2,off-label use,5386.0,p_B,0.003424657534246575,0.3886554621848739,1,477,0.0,3.0,-0.38657150478412355,varA,0.02
cardiovascular,2,off-label use,5386.0,fuse_rankavg,0.009433962264150943,0.7794117647058822,1,477,0.0,3.0,-0.38657150478412355,varA,0.02
cardiovascular,2,off-label use,5386.0,fuse_scalar,0.0034602076124567475,0.39495798319327735,1,477,0.0,3.0,-0.38657150478412355,varA,0.02
cardiovascular,2,off-label use,5386.0,fuse_mlp,0.017857142857142856,0.884453781512605,1,477,0.0,3.0,-0.38657150478412355,varA,0.02
cardiovascular,2,off-label use,5295.0,p_A,0.003105590062111801,0.3256302521008403,1,477,0.0,2.0,0.9172645565753884,varA,0.02
cardiovascular,2,off-label use,5295.0,p_B,0.007575757575757576,0.7247899159663865,1,477,0.0,2.0,0.9172645565753884,varA,0.02
cardiovascular,2,off-label use,5295.0,fuse_rankavg,0.004405286343612335,0.5252100840336134,1,477,0.0,2.0,0.9172645565753884,varA,0.02
cardiovascular,2,off-label use,5295.0,fuse_scalar,0.007407407407407408,0.7184873949579832,1,477,0.0,2.0,0.9172645565753884,varA,0.02
cardiovascular,2,off-label use,5295.0,fuse_mlp,0.0037593984962406013,0.4432773109243697,1,477,0.0,2.0,0.9172645565753884,varA,0.02
cardiovascular,2,off-label use,1613.0,p_A,0.023255813953488372,0.9117647058823529,1,477,0.0,10.0,0.6746007609817852,varA,0.02
cardiovascular,2,off-label use,1613.0,p_B,0.00398406374501992,0.47478991596638653,1,477,0.0,10.0,0.6746007609817852,varA,0.02
cardiovascular,2,off-label use,1613.0,fuse_rankavg,0.007142857142857143,0.7079831932773109,1,477,0.0,10.0,0.6746007609817852,varA,0.02
cardiovascular,2,off-label use,1613.0,fuse_scalar,0.004048582995951417,0.4831932773109243,1,477,0.0,10.0,0.6746007609817852,varA,0.02
cardiovascular,2,off-label use,1613.0,fuse_mlp,0.014084507042253521,0.8529411764705882,1,477,0.0,10.0,0.6746007609817852,varA,0.02
cardiovascular,2,off-label use,6809.0,p_A,0.02,0.8970588235294118,1,477,0.0,1.0,-0.03800392238704478,varA,0.02
cardiovascular,2,off-label use,6809.0,p_B,0.005050505050505051,0.5861344537815126,1,477,0.0,1.0,-0.03800392238704478,varA,0.02
cardiovascular,2,off-label use,6809.0,fuse_rankavg,0.016129032258064516,0.8728991596638656,1,477,0.0,1.0,-0.03800392238704478,varA,0.02
cardiovascular,2,off-label use,6809.0,fuse_scalar,0.005208333333333333,0.5987394957983193,1,477,0.0,1.0,-0.03800392238704478,varA,0.02
cardiovascular,2,off-label use,6809.0,fuse_mlp,0.02564102564102564,0.9201680672268907,1,477,0.0,1.0,-0.03800392238704478,varA,0.02
