split,seed,relation,disease_id,variant,auprc,auroc,n_pos,n_candidates,dd_degree_train,kg_degree,spearman_A_B,tag
cardiovascular,3,indication,6955.0,p_A,0.11792269022331586,0.9774548164710266,9,1798,0.0,4.0,0.6204666170489369,varA
cardiovascular,3,indication,6955.0,p_B,0.004505357473325184,0.4279858393888578,9,1798,0.0,4.0,0.6204666170489369,varA
cardiovascular,3,indication,6955.0,fuse_rankavg,0.009597538611720033,0.7334948139867088,9,1798,0.0,4.0,0.6204666170489369,varA
cardiovascular,3,indication,5009.0,p_A,0.051509791742430984,0.8280610155610155,22,1798,0.0,92.0,0.3336806214858365,varA
cardiovascular,3,indication,5009.0,p_B,0.02307182698797358,0.7084357084357084,22,1798,0.0,92.0,0.3336806214858365,varA
cardiovascular,3,indication,5009.0,fuse_rankavg,0.04029488992879014,0.8407811220311221,22,1798,0.0,92.0,0.3336806214858365,varA
cardiovascular,3,indication,5044.0,p_A,0.05402402683194356,0.29870836555259617,103,1798,0.0,19.0,0.4676657571711516,varA
cardiovascular,3,indication,5044.0,p_B,0.04738190031762385,0.4324598333190136,103,1798,0.0,19.0,0.4676657571711516,varA
cardiovascular,3,indication,5044.0,fuse_rankavg,0.0509604146000444,0.33369132514248073,103,1798,0.0,19.0,0.4676657571711516,varA
cardiovascular,3,indication,2277.0,p_A,0.06171219539546602,0.7897423626066842,7,1798,0.0,97.0,0.08435182056224404,varA
cardiovascular,3,indication,2277.0,p_B,0.008086726920628973,0.7208263539921831,7,1798,0.0,97.0,0.08435182056224404,varA
cardiovascular,3,indication,2277.0,fuse_rankavg,0.039866198842988636,0.8387971604052006,7,1798,0.0,97.0,0.08435182056224404,varA
cardiovascular,3,indication,5311.0,p_A,0.01875919055779015,0.7177953258355269,7,1798,0.0,99.0,0.3571706328734843,varA
cardiovascular,3,indication,5311.0,p_B,0.002787563729937923,0.23386775145569116,7,1798,0.0,99.0,0.3571706328734843,varA
cardiovascular,3,indication,5311.0,fuse_rankavg,0.0038818349506314757,0.4576453697056712,7,1798,0.0,99.0,0.3571706328734843,varA
cardiovascular,3,indication,5068.0,p_A,0.10111402791141463,0.9082044593503509,9,1798,0.0,83.0,0.051225764263802945,varA
cardiovascular,3,indication,5068.0,p_B,0.005927866728804651,0.5496553009129868,9,1798,0.0,83.0,0.051225764263802945,varA
cardiovascular,3,indication,5068.0,fuse_rankavg,0.042301577494628706,0.8134898453512205,9,1798,0.0,83.0,0.051225764263802945,varA
cardiovascular,3,indication,6716.0,p_A,0.10761373566856829,0.9099434817713186,9,1798,0.0,87.0,0.3966724202309687,varA
cardiovascular,3,indication,6716.0,p_B,0.01899224132051247,0.7340537854791627,9,1798,0.0,87.0,0.3966724202309687,varA
cardiovascular,3,indication,6716.0,fuse_rankavg,0.18981794443193578,0.8659710576982795,9,1798,0.0,87.0,0.3966724202309687,varA
cardiovascular,3,indication,831.0,p_A,0.013227830372741507,0.6391829155060352,3,1798,0.0,9.0,-0.102564505615661,varA
cardiovascular,3,indication,831.0,p_B,0.0036296108490713563,0.5578458681522748,3,1798,0.0,9.0,-0.102564505615661,varA
cardiovascular,3,indication,831.0,fuse_rankavg,0.004385263576657882,0.6524605385329618,3,1798,0.0,9.0,-0.102564505615661,varA
cardiovascular,3,indication,6809.0,p_A,0.003823150122847059,0.678180129990715,3,1798,0.0,1.0,-0.2669748397929529,varA
cardiovascular,3,indication,6809.0,p_B,0.010147022121848138,0.6555246053853296,3,1798,0.0,1.0,-0.2669748397929529,varA
cardiovascular,3,indication,6809.0,fuse_rankavg,0.01933309184576994,0.7399257195914577,3,1798,0.0,1.0,-0.2669748397929529,varA
cardiovascular,3,indication,4981.0,p_A,0.06457170785671695,0.8665118513773222,14,1798,0.0,132.0,0.2590981639242143,varA
cardiovascular,3,indication,4981.0,p_B,0.0083812265381358,0.5076873798846893,14,1798,0.0,132.0,0.2590981639242143,varA
cardiovascular,3,indication,4981.0,fuse_rankavg,0.01755675344355778,0.7486787315823189,14,1798,0.0,132.0,0.2590981639242143,varA
cardiovascular,3,indication,6021.0,p_A,0.0030530883947483215,0.4871165644171779,5,1798,0.0,1.0,0.9361121983722231,varA
cardiovascular,3,indication,6021.0,p_B,0.002757725491435997,0.4325711098717233,5,1798,0.0,1.0,0.9361121983722231,varA
cardiovascular,3,indication,6021.0,fuse_rankavg,0.002911204507211511,0.4588957055214724,5,1798,0.0,1.0,0.9361121983722231,varA
cardiovascular,3,indication,6981.0,p_A,0.004345704855706595,0.3988572138376498,9,1798,0.0,51.0,-0.008750276171705984,varA
cardiovascular,3,indication,6981.0,p_B,0.006276370995070683,0.4765542512887398,9,1798,0.0,51.0,-0.008750276171705984,varA
cardiovascular,3,indication,6981.0,fuse_rankavg,0.004384667822370689,0.4042295509595677,9,1798,0.0,51.0,-0.008750276171705984,varA
cardiovascular,3,indication,24573.0,p_A,0.0070921985815602835,0.9220923761825264,1,1798,0.0,15.0,0.2650950101610043,varA
cardiovascular,3,indication,24573.0,p_B,0.011494252873563218,0.9521424596549806,1,1798,0.0,15.0,0.2650950101610043,varA
cardiovascular,3,indication,24573.0,fuse_rankavg,0.027777777777777776,0.9805230940456315,1,1798,0.0,15.0,0.2650950101610043,varA
cardiovascular,3,indication,5279.0,p_A,0.01997032310815126,0.6395961862030286,15,1798,0.0,11.0,0.21304178029812293,varA
cardiovascular,3,indication,5279.0,p_B,0.010278880550667783,0.5628715647784632,15,1798,0.0,11.0,0.21304178029812293,varA
cardiovascular,3,indication,5279.0,fuse_rankavg,0.012541084617642187,0.6242849130678633,15,1798,0.0,11.0,0.21304178029812293,varA
cardiovascular,3,indication,11057.0,p_A,0.05123513968434751,0.8696401637578108,13,1798,0.0,30.0,0.057881852851288794,varA
cardiovascular,3,indication,11057.0,p_B,0.0073605881701722465,0.40297349709114416,13,1798,0.0,30.0,0.057881852851288794,varA
cardiovascular,3,indication,11057.0,fuse_rankavg,0.012660369986684381,0.6913165266106442,13,1798,0.0,30.0,0.057881852851288794,varA
cardiovascular,3,indication,2679.0,p_A,0.034248463492266415,0.9315642458100558,8,1798,0.0,10.0,0.0863779708654876,varA
cardiovascular,3,indication,2679.0,p_B,0.0038339465309600116,0.37332402234636874,8,1798,0.0,10.0,0.0863779708654876,varA
cardiovascular,3,indication,2679.0,fuse_rankavg,0.008734660066302158,0.7344972067039106,8,1798,0.0,10.0,0.0863779708654876,varA
cardiovascular,3,indication,5294.0,p_A,0.004892417277315469,0.5856107083100948,5,1798,0.0,9.0,-0.3829448846688165,varA
cardiovascular,3,indication,5294.0,p_B,0.004343128866688065,0.6167317345231456,5,1798,0.0,9.0,-0.3829448846688165,varA
cardiovascular,3,indication,5294.0,fuse_rankavg,0.006361877083227271,0.698047964305633,5,1798,0.0,9.0,-0.3829448846688165,varA
cardiovascular,3,indication,5386.0,p_A,0.006585620070598841,0.6627997769102063,5,1798,0.0,3.0,0.1635906725312127,varA
cardiovascular,3,indication,5386.0,p_B,0.0033226189055424785,0.49369771332961526,5,1798,0.0,3.0,0.1635906725312127,varA
cardiovascular,3,indication,5386.0,fuse_rankavg,0.004600562749940773,0.6065811489124373,5,1798,0.0,3.0,0.1635906725312127,varA
cardiovascular,3,indication,5295.0,p_A,0.006738424480873885,0.6829427083333334,6,1798,0.0,2.0,0.9264307932274873,varA
cardiovascular,3,indication,5295.0,p_B,0.004136360056892151,0.5386904761904762,6,1798,0.0,2.0,0.9264307932274873,varA
cardiovascular,3,indication,5295.0,fuse_rankavg,0.004875496941272518,0.6143508184523809,6,1798,0.0,2.0,0.9264307932274873,varA
cardiovascular,3,indication,9934.0,p_A,0.07852765886006882,0.9268337975858867,3,1798,0.0,4.0,0.10564042740960616,varA
cardiovascular,3,indication,9934.0,p_B,0.00439780854575463,0.7559888579387187,3,1798,0.0,4.0,0.10564042740960616,varA
cardiovascular,3,indication,9934.0,fuse_rankavg,0.01971148305891926,0.9366759517177343,3,1798,0.0,4.0,0.10564042740960616,varA
cardiovascular,3,indication,5385.0,p_A,0.026581221860724962,0.7532033426183844,3,1798,0.0,30.0,-0.14936427824506068,varA
cardiovascular,3,indication,5385.0,p_B,0.007935846708222461,0.5894150417827299,3,1798,0.0,30.0,-0.14936427824506068,varA
cardiovascular,3,indication,5385.0,fuse_rankavg,0.005358984393742761,0.801949860724234,3,1798,0.0,30.0,-0.14936427824506068,varA
cardiovascular,3,indication,11479.0,p_A,0.0030508603047070416,0.7293986636971046,2,1798,0.0,5.0,-0.20970801727963564,varA
cardiovascular,3,indication,11479.0,p_B,0.008081709554266448,0.8424276169265034,2,1798,0.0,5.0,-0.20970801727963564,varA
cardiovascular,3,indication,11479.0,fuse_rankavg,0.012463662790697674,0.923162583518931,2,1798,0.0,5.0,-0.20970801727963564,varA
cardiovascular,3,indication,8364.0,p_A,0.003035491905354919,0.7319042316258352,2,1798,0.0,5.0,0.20272960147336394,varA
cardiovascular,3,indication,8364.0,p_B,0.003356160802969314,0.7087973273942093,2,1798,0.0,5.0,0.20272960147336394,varA
cardiovascular,3,indication,8364.0,fuse_rankavg,0.004494525834908633,0.8003897550111359,2,1798,0.0,5.0,0.20272960147336394,varA
cardiovascular,3,indication,5267.0,p_A,0.0006747638326585695,0.17584863661658323,1,1798,0.0,59.0,-0.37086389812812603,varA
cardiovascular,3,indication,5267.0,p_B,0.0012706480304955528,0.5626043405676127,1,1798,0.0,59.0,-0.37086389812812603,varA
cardiovascular,3,indication,5267.0,fuse_rankavg,0.0007107320540156361,0.21869782971619367,1,1798,0.0,59.0,-0.37086389812812603,varA
cardiovascular,3,indication,4995.0,p_A,0.0010834236186348862,0.4869226488592098,1,1798,0.0,4.0,0.23810866835083633,varA
cardiovascular,3,indication,4995.0,p_B,0.013888888888888888,0.9604897050639956,1,1798,0.0,4.0,0.23810866835083633,varA
cardiovascular,3,indication,4995.0,fuse_rankavg,0.0028169014084507044,0.8032832498608793,1,1798,0.0,4.0,0.23810866835083633,varA
cardiovascular,3,indication,5264.0,p_A,0.007783268774648084,0.681577480490524,4,1798,0.0,50.0,0.0036974503240137357,varA
cardiovascular,3,indication,5264.0,p_B,0.011189125635477434,0.6300167224080268,4,1798,0.0,50.0,0.0036974503240137357,varA
cardiovascular,3,indication,5264.0,fuse_rankavg,0.0052017511617500735,0.7464464882943144,4,1798,0.0,50.0,0.0036974503240137357,varA
cardiovascular,3,indication,5299.0,p_A,0.004805248038089414,0.5462653288740246,4,1798,0.0,56.0,0.30621662675651157,varA
cardiovascular,3,indication,5299.0,p_B,0.004839794734565478,0.5521181716833891,4,1798,0.0,56.0,0.30621662675651157,varA
cardiovascular,3,indication,5299.0,fuse_rankavg,0.003009375868810013,0.550097547380156,4,1798,0.0,56.0,0.30621662675651157,varA
cardiovascular,3,indication,5010.0,p_A,0.25,0.998330550918197,1,1798,0.0,216.0,0.5113124068005008,varA
cardiovascular,3,indication,5010.0,p_B,0.3333333333333333,0.9988870339454646,1,1798,0.0,216.0,0.5113124068005008,varA
cardiovascular,3,indication,5010.0,fuse_rankavg,1.0,1.0,1,1798,0.0,216.0,0.5113124068005008,varA
cardiovascular,3,indication,465.0,p_A,0.000925925925925926,0.3995548135781859,1,1798,0.0,11.0,0.19749030488617259,varA
cardiovascular,3,indication,465.0,p_B,0.0006618133686300463,0.15971062882582077,1,1798,0.0,11.0,0.19749030488617259,varA
cardiovascular,3,indication,465.0,fuse_rankavg,0.0006825938566552901,0.1853088480801336,1,1798,0.0,11.0,0.19749030488617259,varA
cardiovascular,3,indication,745.0,p_A,0.0026568386103867467,0.28934151785714285,6,1798,0.0,6.0,0.1795351997004036,varA
cardiovascular,3,indication,745.0,p_B,0.004137406037089352,0.5451078869047619,6,1798,0.0,6.0,0.1795351997004036,varA
cardiovascular,3,indication,745.0,fuse_rankavg,0.002868613048815162,0.36202566964285715,6,1798,0.0,6.0,0.1795351997004036,varA
cardiovascular,3,indication,19514.0,p_A,0.16666666666666666,0.9972175848636616,1,1798,0.0,4.0,0.7687868511346052,varA
cardiovascular,3,indication,19514.0,p_B,0.0030864197530864196,0.820255982192543,1,1798,0.0,4.0,0.7687868511346052,varA
cardiovascular,3,indication,19514.0,fuse_rankavg,0.008333333333333333,0.9340567612687813,1,1798,0.0,4.0,0.7687868511346052,varA
cardiovascular,3,indication,8542.0,p_A,0.006024096385542169,0.9081803005008348,1,1798,0.0,16.0,0.4883930978791952,varA
cardiovascular,3,indication,8542.0,p_B,0.004048582995951417,0.8631051752921536,1,1798,0.0,16.0,0.4883930978791952,varA
cardiovascular,3,indication,8542.0,fuse_rankavg,0.00980392156862745,0.9437952142459655,1,1798,0.0,16.0,0.4883930978791952,varA
cardiovascular,3,indication,11514.0,p_A,0.005376344086021506,0.8970506399554814,1,1798,0.0,2.0,0.6428985376088564,varA
cardiovascular,3,indication,11514.0,p_B,0.00909090909090909,0.9393433500278241,1,1798,0.0,2.0,0.6428985376088564,varA
cardiovascular,3,indication,11514.0,fuse_rankavg,0.010309278350515464,0.9465776293823038,1,1798,0.0,2.0,0.6428985376088564,varA
cardiovascular,3,indication,8889.0,p_A,0.027777777777777776,0.9805230940456315,1,1798,0.0,2.0,0.5700541144339081,varA
cardiovascular,3,indication,8889.0,p_B,0.0008635578583765112,0.3561491374513077,1,1798,0.0,2.0,0.5700541144339081,varA
cardiovascular,3,indication,8889.0,fuse_rankavg,0.00186219739292365,0.7020033388981636,1,1798,0.0,2.0,0.5700541144339081,varA
cardiovascular,3,indication,8638.0,p_A,0.010867761738841878,0.9256681514476615,2,1798,0.0,9.0,-0.19628221602057516,varA
cardiovascular,3,indication,8638.0,p_B,0.004943044172980774,0.7742204899777283,2,1798,0.0,9.0,-0.19628221602057516,varA
cardiovascular,3,indication,8638.0,fuse_rankavg,0.06231231231231231,0.9572661469933185,2,1798,0.0,9.0,-0.19628221602057516,varA
cardiovascular,3,indication,6812.0,p_A,0.0028251849610168274,0.6998886414253898,2,1798,0.0,6.0,0.07469879132037928,varA
cardiovascular,3,indication,6812.0,p_B,0.0042671869225546395,0.8098552338530067,2,1798,0.0,6.0,0.07469879132037928,varA
cardiovascular,3,indication,6812.0,fuse_rankavg,0.008133057456628998,0.887249443207127,2,1798,0.0,6.0,0.07469879132037928,varA
cardiovascular,3,indication,6658.0,p_A,0.00065359477124183,0.14913745130773515,1,1798,0.0,50.0,0.5006281906324829,varA
cardiovascular,3,indication,6658.0,p_B,0.0007209805335255948,0.22871452420701166,1,1798,0.0,50.0,0.5006281906324829,varA
cardiovascular,3,indication,6658.0,fuse_rankavg,0.0006493506493506494,0.1435726210350584,1,1798,0.0,50.0,0.5006281906324829,varA
cardiovascular,3,indication,5081.0,p_A,0.001182033096926714,0.5297718419588203,1,1798,0.0,4.0,0.32818228534539834,varA
cardiovascular,3,indication,5081.0,p_B,0.003194888178913738,0.8263772954924875,1,1798,0.0,4.0,0.32818228534539834,varA
cardiovascular,3,indication,5081.0,fuse_rankavg,0.002150537634408602,0.7423483583750695,1,1798,0.0,4.0,0.32818228534539834,varA
cardiovascular,3,indication,1641.0,p_A,0.001430615164520744,0.6115748469671675,1,1798,0.0,2.0,-0.010432588126288672,varA
cardiovascular,3,indication,1641.0,p_B,0.0026041666666666665,0.786867000556483,1,1798,0.0,2.0,-0.010432588126288672,varA
cardiovascular,3,indication,1641.0,fuse_rankavg,0.0030211480362537764,0.8169170840289371,1,1798,0.0,2.0,-0.010432588126288672,varA
cardiovascular,3,indication,1072.0,p_A,0.0005561735261401557,0.5,1,1798,0.0,0.0,,varA
cardiovascular,3,indication,1072.0,p_B,0.0005561735261401557,0.5,1,1798,0.0,0.0,,varA
cardiovascular,3,indication,1072.0,fuse_rankavg,0.0005561735261401557,0.5,1,1798,0.0,0.0,,varA
cardiovascular,3,indication,945.0,p_A,0.0009900990099009901,0.43962159154145797,1,1798,0.0,4.0,0.9234294629688176,varA
cardiovascular,3,indication,945.0,p_B,0.0010121457489878543,0.4518642181413467,1,1798,0.0,4.0,0.9234294629688176,varA
cardiovascular,3,indication,945.0,fuse_rankavg,0.0009910802775024777,0.44017807456872565,1,1798,0.0,4.0,0.9234294629688176,varA
cardiovascular,3,contraindication,19180.0,p_A,0.28274236796752866,0.8010924796747968,32,1262,0.0,17.0,0.3276779193489063,varA
cardiovascular,3,contraindication,19180.0,p_B,0.058926128037408154,0.5592987804878049,32,1262,0.0,17.0,0.3276779193489063,varA
cardiovascular,3,contraindication,19180.0,fuse_rankavg,0.07203821614289047,0.7220655487804879,32,1262,0.0,17.0,0.3276779193489063,varA
cardiovascular,3,contraindication,5044.0,p_A,0.5480732915327639,0.7882940805293586,307,1262,0.0,19.0,0.4628721249798238,varA
cardiovascular,3,contraindication,5044.0,p_B,0.26875212104825763,0.5870457219844126,307,1262,0.0,19.0,0.4628721249798238,varA
cardiovascular,3,contraindication,5044.0,fuse_rankavg,0.4312777141250126,0.7172928355816293,307,1262,0.0,19.0,0.4628721249798238,varA
cardiovascular,3,contraindication,5294.0,p_A,0.1403992839007871,0.6345395230750331,61,1262,0.0,9.0,0.1773319659922413,varA
cardiovascular,3,contraindication,5294.0,p_B,0.043175105436369265,0.4278538376489538,61,1262,0.0,9.0,0.1773319659922413,varA
cardiovascular,3,contraindication,5294.0,fuse_rankavg,0.059202460300463264,0.54086075811141,61,1262,0.0,9.0,0.1773319659922413,varA
cardiovascular,3,contraindication,5009.0,p_A,0.17254665187828544,0.7270475080151559,94,1262,0.0,92.0,0.2910273091784666,varA
cardiovascular,3,contraindication,5009.0,p_B,0.08601619809254338,0.5607876712328768,94,1262,0.0,92.0,0.2910273091784666,varA
cardiovascular,3,contraindication,5009.0,fuse_rankavg,0.1548695582350578,0.6751539274264062,94,1262,0.0,92.0,0.2910273091784666,varA
cardiovascular,3,contraindication,1574.0,p_A,0.032846317085342316,0.5938008130081301,32,1262,0.0,7.0,0.3727574989646579,varA
cardiovascular,3,contraindication,1574.0,p_B,0.04404514157623424,0.4761941056910569,32,1262,0.0,7.0,0.3727574989646579,varA
cardiovascular,3,contraindication,1574.0,fuse_rankavg,0.03668011274657909,0.539037093495935,32,1262,0.0,7.0,0.3727574989646579,varA
cardiovascular,3,contraindication,1576.0,p_A,0.03038778649241814,0.5762195121951218,32,1262,0.0,6.0,0.3190326602094995,varA
cardiovascular,3,contraindication,1576.0,p_B,0.03399765861695708,0.43625508130081303,32,1262,0.0,6.0,0.3190326602094995,varA
cardiovascular,3,contraindication,1576.0,fuse_rankavg,0.026609204617432904,0.5049034552845529,32,1262,0.0,6.0,0.3190326602094995,varA
cardiovascular,3,contraindication,5386.0,p_A,0.06758934907360413,0.5350806451612903,62,1262,0.0,3.0,-0.13435657637063003,varA
cardiovascular,3,contraindication,5386.0,p_B,0.04102286670028219,0.41744623655913987,62,1262,0.0,3.0,-0.13435657637063003,varA
cardiovascular,3,contraindication,5386.0,fuse_rankavg,0.0553960981194203,0.48891801075268815,62,1262,0.0,3.0,-0.13435657637063003,varA
cardiovascular,3,contraindication,5295.0,p_A,0.043546205398294804,0.4305838031148906,61,1262,0.0,2.0,0.9832402562842121,varA
cardiovascular,3,contraindication,5295.0,p_B,0.04359249297492564,0.42394998703266407,61,1262,0.0,2.0,0.9832402562842121,varA
cardiovascular,3,contraindication,5295.0,fuse_rankavg,0.0436244115270097,0.4272259455917883,61,1262,0.0,2.0,0.9832402562842121,varA
cardiovascular,3,contraindication,992.0,p_A,0.3051850127822549,0.6753159636614025,215,1262,0.0,9.0,0.16565829888188432,varA
cardiovascular,3,contraindication,992.0,p_B,0.1484914412304109,0.41796494969014464,215,1262,0.0,9.0,0.16565829888188432,varA
cardiovascular,3,contraindication,992.0,fuse_rankavg,0.21185916191471027,0.5586126474311988,215,1262,0.0,9.0,0.16565829888188432,varA
cardiovascular,3,contraindication,5010.0,p_A,0.5536881104422411,0.7955076335877862,262,1262,0.0,216.0,0.3700545375177123,varA
cardiovascular,3,contraindication,5010.0,p_B,0.20577899452322235,0.5317442748091603,262,1262,0.0,216.0,0.3700545375177123,varA
cardiovascular,3,contraindication,5010.0,fuse_rankavg,0.3357201944184807,0.6990419847328244,262,1262,0.0,216.0,0.3700545375177123,varA
cardiovascular,3,contraindication,465.0,p_A,0.050039391241840425,0.6314588427057864,35,1262,0.0,11.0,0.5902775851079824,varA
cardiovascular,3,contraindication,465.0,p_B,0.04771293814290775,0.569845150774246,35,1262,0.0,11.0,0.5902775851079824,varA
cardiovascular,3,contraindication,465.0,fuse_rankavg,0.04279071112724396,0.6167190592618466,35,1262,0.0,11.0,0.5902775851079824,varA
cardiovascular,3,contraindication,6659.0,p_A,0.07920606343491154,0.7231031686103421,29,1262,0.0,1.0,0.9831285859157479,varA
cardiovascular,3,contraindication,6659.0,p_B,0.08845824551675788,0.7347652207959281,29,1262,0.0,1.0,0.9831285859157479,varA
cardiovascular,3,contraindication,6659.0,fuse_rankavg,0.0842886539915833,0.7293397097071902,29,1262,0.0,1.0,0.9831285859157479,varA
cardiovascular,3,contraindication,5279.0,p_A,0.805461182890969,0.9448648648648649,37,1262,0.0,11.0,0.5835983429870228,varA
cardiovascular,3,contraindication,5279.0,p_B,0.04426689381280503,0.6594815223386652,37,1262,0.0,11.0,0.5835983429870228,varA
cardiovascular,3,contraindication,5279.0,fuse_rankavg,0.13982800856260705,0.839415333701048,37,1262,0.0,11.0,0.5835983429870228,varA
cardiovascular,3,contraindication,5267.0,p_A,0.14564198248626153,0.524527038339193,176,1262,0.0,59.0,0.192296219264864,varA
cardiovascular,3,contraindication,5267.0,p_B,0.1954185083506575,0.5578383977900553,176,1262,0.0,59.0,0.192296219264864,varA
cardiovascular,3,contraindication,5267.0,fuse_rankavg,0.22220421597109113,0.5556383936045539,176,1262,0.0,59.0,0.192296219264864,varA
cardiovascular,3,contraindication,4995.0,p_A,0.16837973264192432,0.5580424409844299,176,1262,0.0,4.0,0.38680220311355773,varA
cardiovascular,3,contraindication,4995.0,p_B,0.13436204423340264,0.5008684915452871,176,1262,0.0,4.0,0.38680220311355773,varA
cardiovascular,3,contraindication,4995.0,fuse_rankavg,0.14957879118171868,0.5414783191026284,176,1262,0.0,4.0,0.38680220311355773,varA
cardiovascular,3,contraindication,11057.0,p_A,0.2693059664217889,0.8095517713838325,131,1262,0.0,30.0,0.06202066827228644,varA
cardiovascular,3,contraindication,11057.0,p_B,0.10090522318332425,0.5108496837899312,131,1262,0.0,30.0,0.06202066827228644,varA
cardiovascular,3,contraindication,11057.0,fuse_rankavg,0.25663230259588826,0.716386228494678,131,1262,0.0,30.0,0.06202066827228644,varA
cardiovascular,3,contraindication,2800.0,p_A,0.03921394891485723,0.6082562844623352,39,1262,0.0,4.0,0.982870455655881,varA
cardiovascular,3,contraindication,2800.0,p_B,0.03864809079917899,0.6061597165440173,39,1262,0.0,4.0,0.982870455655881,varA
cardiovascular,3,contraindication,2800.0,fuse_rankavg,0.03896263744332584,0.6075958655680651,39,1262,0.0,4.0,0.982870455655881,varA
cardiovascular,3,contraindication,5068.0,p_A,0.5978291414879925,0.863888492544767,214,1262,0.0,83.0,0.2631993387423369,varA
cardiovascular,3,contraindication,5068.0,p_B,0.19864271868564806,0.5808750089177428,214,1262,0.0,83.0,0.2631993387423369,varA
cardiovascular,3,contraindication,5068.0,fuse_rankavg,0.4845275204726957,0.7742406542056075,214,1262,0.0,83.0,0.2631993387423369,varA
cardiovascular,3,contraindication,2679.0,p_A,0.24048902436908862,0.8010296235588056,109,1262,0.0,10.0,0.1587412198919053,varA
cardiovascular,3,contraindication,2679.0,p_B,0.08240814413969699,0.5096795754195278,109,1262,0.0,10.0,0.1587412198919053,varA
cardiovascular,3,contraindication,2679.0,fuse_rankavg,0.19921817134425815,0.7059804100989043,109,1262,0.0,10.0,0.1587412198919053,varA
cardiovascular,3,contraindication,6716.0,p_A,0.5934733282842363,0.8633712634657915,214,1262,0.0,87.0,0.18321315392521006,varA
cardiovascular,3,contraindication,6716.0,p_B,0.18060318957009047,0.553381608047371,214,1262,0.0,87.0,0.18321315392521006,varA
cardiovascular,3,contraindication,6716.0,fuse_rankavg,0.4426910204539412,0.7662392095312834,214,1262,0.0,87.0,0.18321315392521006,varA
cardiovascular,3,contraindication,2277.0,p_A,0.322477947816535,0.795875420875421,74,1262,0.0,97.0,0.421450138007297,varA
cardiovascular,3,contraindication,2277.0,p_B,0.08244979831669223,0.6143643643643644,74,1262,0.0,97.0,0.421450138007297,varA
cardiovascular,3,contraindication,2277.0,fuse_rankavg,0.18579090880862675,0.7419009919009919,74,1262,0.0,97.0,0.421450138007297,varA
cardiovascular,3,contraindication,4994.0,p_A,0.03650022550878762,0.7803945249597423,20,1262,0.0,35.0,0.2975800325452494,varA
cardiovascular,3,contraindication,4994.0,p_B,0.019917821951179755,0.5935587761674719,20,1262,0.0,35.0,0.2975800325452494,varA
cardiovascular,3,contraindication,4994.0,fuse_rankavg,0.05869414230601765,0.7333735909822867,20,1262,0.0,35.0,0.2975800325452494,varA
cardiovascular,3,contraindication,5311.0,p_A,0.30446719113066006,0.8112999362999364,74,1262,0.0,99.0,0.3157692547662217,varA
cardiovascular,3,contraindication,5311.0,p_B,0.06595192638601109,0.5728910728910729,74,1262,0.0,99.0,0.3157692547662217,varA
cardiovascular,3,contraindication,5311.0,fuse_rankavg,0.16768191546174216,0.7421512421512422,74,1262,0.0,99.0,0.3157692547662217,varA
cardiovascular,3,contraindication,6746.0,p_A,0.03282448886204671,0.7443639291465378,20,1262,0.0,28.0,0.2791865663842399,varA
cardiovascular,3,contraindication,6746.0,p_B,0.02576487203978839,0.6805958132045088,20,1262,0.0,28.0,0.2791865663842399,varA
cardiovascular,3,contraindication,6746.0,fuse_rankavg,0.10468551793797914,0.7658212560386473,20,1262,0.0,28.0,0.2791865663842399,varA
cardiovascular,3,contraindication,11479.0,p_A,0.1678718715396685,0.7651485620235621,78,1262,0.0,5.0,0.5221429940142854,varA
cardiovascular,3,contraindication,11479.0,p_B,0.06886665381059828,0.545120841995842,78,1262,0.0,5.0,0.5221429940142854,varA
cardiovascular,3,contraindication,11479.0,fuse_rankavg,0.11305719779971247,0.6777330214830215,78,1262,0.0,5.0,0.5221429940142854,varA
cardiovascular,3,contraindication,1823.0,p_A,0.05034858459446506,0.6287046985141899,31,1262,0.0,17.0,0.5954108577283145,varA
cardiovascular,3,contraindication,1823.0,p_B,0.021626962662312777,0.45410235580828595,31,1262,0.0,17.0,0.5954108577283145,varA
cardiovascular,3,contraindication,1823.0,fuse_rankavg,0.029568697431119013,0.5483346872461413,31,1262,0.0,17.0,0.5954108577283145,varA
cardiovascular,3,contraindication,8364.0,p_A,0.11058597139513357,0.6374159820761761,26,1262,0.0,5.0,0.17644527795213832,varA
cardiovascular,3,contraindication,8364.0,p_B,0.016075870964788838,0.39472865322379885,26,1262,0.0,5.0,0.17644527795213832,varA
cardiovascular,3,contraindication,8364.0,fuse_rankavg,0.02234438703828071,0.5124937764500871,26,1262,0.0,5.0,0.17644527795213832,varA
cardiovascular,3,contraindication,1370.0,p_A,0.007355133230862666,0.4361821086261981,10,1262,0.0,3.0,0.976361375915781,varA
cardiovascular,3,contraindication,1370.0,p_B,0.007147661124351598,0.42507987220447285,10,1262,0.0,3.0,0.976361375915781,varA
cardiovascular,3,contraindication,1370.0,fuse_rankavg,0.007275290808956825,0.4317492012779553,10,1262,0.0,3.0,0.976361375915781,varA
cardiovascular,3,contraindication,5904.0,p_A,0.020081581944544822,0.6155005763944311,9,1262,0.0,8.0,0.5062591080323349,varA
cardiovascular,3,contraindication,5904.0,p_B,0.007178034127620124,0.4374390352043983,9,1262,0.0,8.0,0.5062591080323349,varA
cardiovascular,3,contraindication,5904.0,fuse_rankavg,0.010342775389685595,0.5253613549702935,9,1262,0.0,8.0,0.5062591080323349,varA
cardiovascular,3,contraindication,18882.0,p_A,0.029754186004186,0.6603124172623775,3,1262,0.0,21.0,0.23859880554379134,varA
cardiovascular,3,contraindication,18882.0,p_B,0.003198893176336066,0.4805401111993646,3,1262,0.0,21.0,0.23859880554379134,varA
cardiovascular,3,contraindication,18882.0,fuse_rankavg,0.005202707236101663,0.5865766481334392,3,1262,0.0,21.0,0.23859880554379134,varA
cardiovascular,3,contraindication,5291.0,p_A,0.0031226550260358057,0.4590945194598888,3,1262,0.0,2.0,0.9834662239973019,varA
cardiovascular,3,contraindication,5291.0,p_B,0.003564331234095306,0.4985438178448504,3,1262,0.0,2.0,0.9834662239973019,varA
cardiovascular,3,contraindication,5291.0,fuse_rankavg,0.003314718612194605,0.4767010855176065,3,1262,0.0,2.0,0.9834662239973019,varA
cardiovascular,3,contraindication,6981.0,p_A,0.015988007196699888,0.6610666666666668,12,1262,0.0,51.0,0.19374749224527085,varA
cardiovascular,3,contraindication,6981.0,p_B,0.012507400083583496,0.5043333333333333,12,1262,0.0,51.0,0.19374749224527085,varA
cardiovascular,3,contraindication,6981.0,fuse_rankavg,0.016963753446029652,0.6133666666666666,12,1262,0.0,51.0,0.19374749224527085,varA
cardiovascular,3,contraindication,5783.0,p_A,0.01032236556374966,0.586741214057508,10,1262,0.0,3.0,0.5518251797515901,varA
cardiovascular,3,contraindication,5783.0,p_B,0.00715191118071338,0.41222044728434504,10,1262,0.0,3.0,0.5518251797515901,varA
cardiovascular,3,contraindication,5783.0,fuse_rankavg,0.008935168051852821,0.49209265175718847,10,1262,0.0,3.0,0.5518251797515901,varA
cardiovascular,3,contraindication,4745.0,p_A,0.06641263063796374,0.8657043571237637,15,1262,0.0,2.0,-0.3897897854867985,varA
cardiovascular,3,contraindication,4745.0,p_B,0.007093394636581656,0.16861801657310882,15,1262,0.0,2.0,-0.3897897854867985,varA
cardiovascular,3,contraindication,4745.0,fuse_rankavg,0.0122288214042006,0.5232290831328522,15,1262,0.0,2.0,-0.3897897854867985,varA
cardiovascular,3,contraindication,2869.0,p_A,0.030745590065910582,0.6120291026677445,25,1262,0.0,5.0,-0.2863256965046679,varA
cardiovascular,3,contraindication,2869.0,p_B,0.018703924020145056,0.4743734842360549,25,1262,0.0,5.0,-0.2863256965046679,varA
cardiovascular,3,contraindication,2869.0,fuse_rankavg,0.05061076293637613,0.5978011317704124,25,1262,0.0,5.0,-0.2863256965046679,varA
cardiovascular,3,contraindication,4596.0,p_A,0.48214629692605854,0.9504349142789844,49,1262,0.0,2.0,-0.23853007429476658,varA
cardiovascular,3,contraindication,4596.0,p_B,0.03217875192032036,0.4415094974510827,49,1262,0.0,2.0,-0.23853007429476658,varA
cardiovascular,3,contraindication,4596.0,fuse_rankavg,0.16246150162212228,0.8245116678163433,49,1262,0.0,2.0,-0.23853007429476658,varA
cardiovascular,3,contraindication,5264.0,p_A,0.0235485825255053,0.5693548387096774,22,1262,0.0,50.0,0.2148381584168719,varA
cardiovascular,3,contraindication,5264.0,p_B,0.012739798946716448,0.3412390029325513,22,1262,0.0,50.0,0.2148381584168719,varA
cardiovascular,3,contraindication,5264.0,fuse_rankavg,0.015268234756027645,0.4390029325513197,22,1262,0.0,50.0,0.2148381584168719,varA
cardiovascular,3,contraindication,1613.0,p_A,0.011321494957102237,0.3925062522329403,18,1262,0.0,10.0,0.3167351730058365,varA
cardiovascular,3,contraindication,1613.0,p_B,0.010025405555341114,0.310021436227224,18,1262,0.0,10.0,0.3167351730058365,varA
cardiovascular,3,contraindication,1613.0,fuse_rankavg,0.009940371028063364,0.30921757770632363,18,1262,0.0,10.0,0.3167351730058365,varA
cardiovascular,3,contraindication,8504.0,p_A,0.06478115502357776,0.7871448532836516,19,1262,0.0,4.0,0.11530286751463666,varA
cardiovascular,3,contraindication,8504.0,p_B,0.018844023191099266,0.5684041156793835,19,1262,0.0,4.0,0.11530286751463666,varA
cardiovascular,3,contraindication,8504.0,fuse_rankavg,0.06755010041503409,0.7288393953508066,19,1262,0.0,4.0,0.11530286751463666,varA
cardiovascular,3,contraindication,8685.0,p_A,0.02796631019645151,0.7252606255012028,15,1262,0.0,2.0,0.228833159324273,varA
cardiovascular,3,contraindication,8685.0,p_B,0.011747860193406724,0.47944399893076717,15,1262,0.0,2.0,0.228833159324273,varA
cardiovascular,3,contraindication,8685.0,fuse_rankavg,0.017235049433036193,0.6357123763699546,15,1262,0.0,2.0,0.228833159324273,varA
cardiovascular,3,contraindication,4978.0,p_A,0.01349559777529942,0.4329931828767413,19,1262,0.0,3.0,0.9800903805177954,varA
cardiovascular,3,contraindication,4978.0,p_B,0.013629027773177912,0.4452301308379557,19,1262,0.0,3.0,0.9800903805177954,varA
cardiovascular,3,contraindication,4978.0,fuse_rankavg,0.013574769046303174,0.43873057543295085,19,1262,0.0,3.0,0.9800903805177954,varA
cardiovascular,3,contraindication,6945.0,p_A,0.020526665684693288,0.5430129240710824,24,1262,0.0,1.0,0.008551088014418277,varA
cardiovascular,3,contraindication,6945.0,p_B,0.010957429929221992,0.13937129779213786,24,1262,0.0,1.0,0.008551088014418277,varA
cardiovascular,3,contraindication,6945.0,fuse_rankavg,0.012374061855743697,0.2685951803984922,24,1262,0.0,1.0,0.008551088014418277,varA
cardiovascular,3,contraindication,4981.0,p_A,0.016551971407505167,0.6460050366300366,14,1262,0.0,132.0,0.29524751055947396,varA
cardiovascular,3,contraindication,4981.0,p_B,0.009817823049117196,0.4367559523809524,14,1262,0.0,132.0,0.29524751055947396,varA
cardiovascular,3,contraindication,4981.0,fuse_rankavg,0.012794695846700559,0.5486206501831502,14,1262,0.0,132.0,0.29524751055947396,varA
cardiovascular,3,contraindication,831.0,p_A,0.007405237657416918,0.5713906581740977,6,1262,0.0,9.0,0.2257536981182283,varA
cardiovascular,3,contraindication,831.0,p_B,0.0067958125517289985,0.5609076433121019,6,1262,0.0,9.0,0.2257536981182283,varA
cardiovascular,3,contraindication,831.0,fuse_rankavg,0.007667388879836586,0.5924230360934183,6,1262,0.0,9.0,0.2257536981182283,varA
cardiovascular,3,contraindication,5453.0,p_A,0.0034900573946315726,0.6166666666666667,2,1262,0.0,19.0,0.14976951717163267,varA
cardiovascular,3,contraindication,5453.0,p_B,0.0019046304602856946,0.39246031746031745,2,1262,0.0,19.0,0.14976951717163267,varA
cardiovascular,3,contraindication,5453.0,fuse_rankavg,0.0024430544081199103,0.491468253968254,2,1262,0.0,19.0,0.14976951717163267,varA
cardiovascular,3,contraindication,4496.0,p_A,0.02061062981489974,0.7899720893141946,8,1262,0.0,12.0,0.4311733051697607,varA
cardiovascular,3,contraindication,4496.0,p_B,0.006285272705652159,0.474481658692185,8,1262,0.0,12.0,0.4311733051697607,varA
cardiovascular,3,contraindication,4496.0,fuse_rankavg,0.009962206800677744,0.6606858054226475,8,1262,0.0,12.0,0.4311733051697607,varA
cardiovascular,3,contraindication,5299.0,p_A,0.017613523546768522,0.6476013124057817,9,1262,0.0,56.0,0.3315136926206836,varA
cardiovascular,3,contraindication,5299.0,p_B,0.005949010557464995,0.3820164937483373,9,1262,0.0,56.0,0.3315136926206836,varA
cardiovascular,3,contraindication,5299.0,fuse_rankavg,0.008375824275458705,0.524651946439656,9,1262,0.0,56.0,0.3315136926206836,varA
cardiovascular,3,contraindication,6021.0,p_A,0.006981033174308477,0.31953333333333334,12,1262,0.0,1.0,0.9779600401700477,varA
cardiovascular,3,contraindication,6021.0,p_B,0.006838012174992646,0.30093333333333333,12,1262,0.0,1.0,0.9779600401700477,varA
cardiovascular,3,contraindication,6021.0,fuse_rankavg,0.006871119447353386,0.30726666666666663,12,1262,0.0,1.0,0.9779600401700477,varA
cardiovascular,3,contraindication,1632.0,p_A,0.005620423850607558,0.3484082646093819,9,1262,0.0,1.0,0.981291356403617,varA
cardiovascular,3,contraindication,1632.0,p_B,0.005625966680963024,0.3468120954154474,9,1262,0.0,1.0,0.981291356403617,varA
cardiovascular,3,contraindication,1632.0,fuse_rankavg,0.0056198014746431605,0.3468564334486122,9,1262,0.0,1.0,0.981291356403617,varA
cardiovascular,3,contraindication,991.0,p_A,0.000792393026941363,0.5,1,1262,0.0,0.0,,varA
cardiovascular,3,contraindication,991.0,p_B,0.000792393026941363,0.5,1,1262,0.0,0.0,,varA
cardiovascular,3,contraindication,991.0,fuse_rankavg,0.000792393026941363,0.5,1,1262,0.0,0.0,,varA
cardiovascular,3,contraindication,6786.0,p_A,0.018321774670411687,0.8994435612082671,4,1262,0.0,3.0,0.155433803171005,varA
cardiovascular,3,contraindication,6786.0,p_B,0.004082105040267374,0.536168521462639,4,1262,0.0,3.0,0.155433803171005,varA
cardiovascular,3,contraindication,6786.0,fuse_rankavg,0.010351584207652361,0.8126987281399047,4,1262,0.0,3.0,0.155433803171005,varA
cardiovascular,3,contraindication,8585.0,p_A,0.011410742807407004,0.48766905330151156,5,1262,0.0,5.0,0.06752839246283522,varA
cardiovascular,3,contraindication,8585.0,p_B,0.003057819050679132,0.26475735879077167,5,1262,0.0,5.0,0.06752839246283522,varA
cardiovascular,3,contraindication,8585.0,fuse_rankavg,0.004244570392234841,0.3409705648369133,5,1262,0.0,5.0,0.06752839246283522,varA
cardiovascular,3,contraindication,4717.0,p_A,0.002377179080824089,0.5,3,1262,0.0,0.0,,varA
cardiovascular,3,contraindication,4717.0,p_B,0.002377179080824089,0.5,3,1262,0.0,0.0,,varA
cardiovascular,3,contraindication,4717.0,fuse_rankavg,0.002377179080824089,0.5,3,1262,0.0,0.0,,varA
cardiovascular,3,contraindication,565.0,p_A,0.014607796561939,0.7507974481658692,8,1262,0.0,4.0,0.34845407676997514,varA
cardiovascular,3,contraindication,565.0,p_B,0.017234930120252193,0.8005382775119618,8,1262,0.0,4.0,0.34845407676997514,varA
cardiovascular,3,contraindication,565.0,fuse_rankavg,0.023424827310641702,0.8411084529505582,8,1262,0.0,4.0,0.34845407676997514,varA
cardiovascular,3,contraindication,6805.0,p_A,0.00141643059490085,0.4409199048374306,1,1262,0.0,4.0,0.4495485257872487,varA
cardiovascular,3,contraindication,6805.0,p_B,0.003663003663003663,0.7842981760507534,1,1262,0.0,4.0,0.4495485257872487,varA
cardiovascular,3,contraindication,6805.0,fuse_rankavg,0.0022935779816513763,0.6554321966693101,1,1262,0.0,4.0,0.4495485257872487,varA
cardiovascular,3,contraindication,5356.0,p_A,0.0016456420756004665,0.2833333333333334,2,1262,0.0,5.0,0.5208809588439107,varA
cardiovascular,3,contraindication,5356.0,p_B,0.0013593465853048003,0.1293650793650794,2,1262,0.0,5.0,0.5208809588439107,varA
cardiovascular,3,contraindication,5356.0,fuse_rankavg,0.0014045166089034485,0.15476190476190477,2,1262,0.0,5.0,0.5208809588439107,varA
cardiovascular,3,contraindication,5201.0,p_A,0.022189401029764914,0.6462801164945725,3,1262,0.0,9.0,0.5098333359752355,varA
cardiovascular,3,contraindication,5201.0,p_B,0.005121267982477768,0.6976436325125761,3,1262,0.0,9.0,0.5098333359752355,varA
cardiovascular,3,contraindication,5201.0,fuse_rankavg,0.006837007539265336,0.6980407731003442,3,1262,0.0,9.0,0.5098333359752355,varA
cardiovascular,3,contraindication,6711.0,p_A,0.0039154677729736085,0.5003974562798092,4,1262,0.0,1.0,0.984488744616154,varA
cardiovascular,3,contraindication,6711.0,p_B,0.003981188394747546,0.5041732909379968,4,1262,0.0,1.0,0.984488744616154,varA
cardiovascular,3,contraindication,6711.0,fuse_rankavg,0.003942406701117267,0.502285373608903,4,1262,0.0,1.0,0.984488744616154,varA
cardiovascular,3,contraindication,1297.0,p_A,0.004277506907444155,0.5085453100158983,4,1262,0.0,1.0,0.46198245173953734,varA
cardiovascular,3,contraindication,1297.0,p_B,0.03448315515874995,0.7736486486486487,4,1262,0.0,1.0,0.46198245173953734,varA
cardiovascular,3,contraindication,1297.0,fuse_rankavg,0.007742211493549707,0.6645468998410174,4,1262,0.0,1.0,0.46198245173953734,varA
cardiovascular,3,contraindication,5081.0,p_A,0.009952398261966398,0.3142679790724483,9,1262,0.0,4.0,0.341277380890438,varA
cardiovascular,3,contraindication,5081.0,p_B,0.007122012558556836,0.4652833200319234,9,1262,0.0,4.0,0.341277380890438,varA
cardiovascular,3,contraindication,5081.0,fuse_rankavg,0.006011940015270755,0.37350359138068634,9,1262,0.0,4.0,0.341277380890438,varA
cardiovascular,3,contraindication,1072.0,p_A,0.006339144215530904,0.5,8,1262,0.0,0.0,,varA
cardiovascular,3,contraindication,1072.0,p_B,0.006339144215530904,0.5,8,1262,0.0,0.0,,varA
cardiovascular,3,contraindication,1072.0,fuse_rankavg,0.006339144215530904,0.5,8,1262,0.0,0.0,,varA
cardiovascular,3,contraindication,17991.0,p_A,0.6,0.9968253968253968,2,1262,0.0,13.0,0.5808456071791879,varA
cardiovascular,3,contraindication,17991.0,p_B,0.0837742504409171,0.9662698412698413,2,1262,0.0,13.0,0.5808456071791879,varA
cardiovascular,3,contraindication,17991.0,fuse_rankavg,0.19166666666666665,0.9936507936507937,2,1262,0.0,13.0,0.5808456071791879,varA
cardiovascular,3,contraindication,10771.0,p_A,0.024942643027720326,0.7422879908935686,7,1262,0.0,5.0,0.24647286209739386,varA
cardiovascular,3,contraindication,10771.0,p_B,0.009740124063293627,0.6941377347751849,7,1262,0.0,5.0,0.24647286209739386,varA
cardiovascular,3,contraindication,10771.0,fuse_rankavg,0.01867279921244327,0.7816733067729084,7,1262,0.0,5.0,0.24647286209739386,varA
cardiovascular,3,contraindication,24573.0,p_A,0.011056467240041655,0.6100026602819899,9,1262,0.0,15.0,0.4798472807408526,varA
cardiovascular,3,contraindication,24573.0,p_B,0.009315046807430569,0.5890751086281812,9,1262,0.0,15.0,0.4798472807408526,varA
cardiovascular,3,contraindication,24573.0,fuse_rankavg,0.010871606195770947,0.6122638999733973,9,1262,0.0,15.0,0.4798472807408526,varA
cardiovascular,3,contraindication,745.0,p_A,0.00909090909090909,0.9135606661379857,1,1262,0.0,6.0,0.3808579889225788,varA
cardiovascular,3,contraindication,745.0,p_B,0.001996007984031936,0.6034892942109438,1,1262,0.0,6.0,0.3808579889225788,varA
cardiovascular,3,contraindication,745.0,fuse_rankavg,0.0045045045045045045,0.8251387787470261,1,1262,0.0,6.0,0.3808579889225788,varA
cardiovascular,3,contraindication,8889.0,p_A,0.004428907610537275,0.56379173290938,4,1262,0.0,2.0,0.45052470415845247,varA
cardiovascular,3,contraindication,8889.0,p_B,0.003063313560262321,0.3769872813990461,4,1262,0.0,2.0,0.45052470415845247,varA
cardiovascular,3,contraindication,8889.0,fuse_rankavg,0.0034332598792014947,0.4460453100158982,4,1262,0.0,2.0,0.45052470415845247,varA
cardiovascular,3,contraindication,5852.0,p_A,0.003494098494098494,0.48451151707704526,3,1262,0.0,1.0,0.9843151791070853,varA
cardiovascular,3,contraindication,5852.0,p_B,0.00399677819845887,0.46836113317447714,3,1262,0.0,1.0,0.9843151791070853,varA
cardiovascular,3,contraindication,5852.0,fuse_rankavg,0.003686633487446504,0.47511252316653424,3,1262,0.0,1.0,0.9843151791070853,varA
cardiovascular,3,contraindication,6686.0,p_A,0.0041215208062100415,0.588827111464125,3,1262,0.0,11.0,0.22743437776233633,varA
cardiovascular,3,contraindication,6686.0,p_B,0.003855638028474086,0.5414350013238018,3,1262,0.0,11.0,0.22743437776233633,varA
cardiovascular,3,contraindication,6686.0,fuse_rankavg,0.005969528608377309,0.6127879269261318,3,1262,0.0,11.0,0.22743437776233633,varA
cardiovascular,3,contraindication,944.0,p_A,0.003562075717152821,0.556791104050834,3,1262,0.0,13.0,0.12523712415247554,varA
cardiovascular,3,contraindication,944.0,p_B,0.004917959451536666,0.5549377813079163,3,1262,0.0,13.0,0.12523712415247554,varA
cardiovascular,3,contraindication,944.0,fuse_rankavg,0.006075365715256425,0.6051098755626159,3,1262,0.0,13.0,0.12523712415247554,varA
cardiovascular,3,contraindication,4910.0,p_A,0.00592217975751186,0.8047619047619048,2,1262,0.0,3.0,0.3639663506503398,varA
cardiovascular,3,contraindication,4910.0,p_B,0.0016262373545088654,0.2785714285714286,2,1262,0.0,3.0,0.3639663506503398,varA
cardiovascular,3,contraindication,4910.0,fuse_rankavg,0.002514039536981801,0.5371031746031746,2,1262,0.0,3.0,0.3639663506503398,varA
cardiovascular,3,contraindication,1298.0,p_A,0.006912340950116673,0.8317460317460317,2,1262,0.0,1.0,0.44582635132325416,varA
cardiovascular,3,contraindication,1298.0,p_B,0.004656735189522075,0.746031746031746,2,1262,0.0,1.0,0.44582635132325416,varA
cardiovascular,3,contraindication,1298.0,fuse_rankavg,0.008340254706533776,0.8611111111111112,2,1262,0.0,1.0,0.44582635132325416,varA
cardiovascular,3,contraindication,1641.0,p_A,0.0036028088984532964,0.4696849351337039,3,1262,0.0,2.0,0.1048118829833768,varA
cardiovascular,3,contraindication,1641.0,p_B,0.002094072495945674,0.23828435266084189,3,1262,0.0,2.0,0.1048118829833768,varA
cardiovascular,3,contraindication,1641.0,fuse_rankavg,0.003032021430863968,0.31440296531638867,3,1262,0.0,2.0,0.1048118829833768,varA
cardiovascular,3,contraindication,5385.0,p_A,0.0016611295681063123,0.5233941316415542,1,1262,0.0,30.0,-0.05119694735817396,varA
cardiovascular,3,contraindication,5385.0,p_B,0.000819672131147541,0.03330689928628072,1,1262,0.0,30.0,-0.05119694735817396,varA
cardiovascular,3,contraindication,5385.0,fuse_rankavg,0.0009242144177449168,0.14274385408406032,1,1262,0.0,30.0,-0.05119694735817396,varA
cardiovascular,3,contraindication,1956.0,p_A,0.0014705882352941176,0.46153846153846156,1,1262,0.0,2.0,0.22597829263923366,varA
cardiovascular,3,contraindication,1956.0,p_B,0.005076142131979695,0.8445678033306899,1,1262,0.0,2.0,0.22597829263923366,varA
cardiovascular,3,contraindication,1956.0,fuse_rankavg,0.002857142857142857,0.7236320380650276,1,1262,0.0,2.0,0.22597829263923366,varA
cardiovascular,3,contraindication,1221.0,p_A,0.0027970223411886144,0.4347365634101138,3,1262,0.0,3.0,0.29910478921337313,varA
cardiovascular,3,contraindication,1221.0,p_B,0.0032971485566391677,0.33439237490071483,3,1262,0.0,3.0,0.29910478921337313,varA
cardiovascular,3,contraindication,1221.0,fuse_rankavg,0.002547554405045677,0.3673550436854646,3,1262,0.0,3.0,0.29910478921337313,varA
cardiovascular,3,contraindication,945.0,p_A,0.0017761989342806395,0.5543219666931006,1,1262,0.0,4.0,0.14566386986246674,varA
cardiovascular,3,contraindication,945.0,p_B,0.0024752475247524753,0.6804123711340206,1,1262,0.0,4.0,0.14566386986246674,varA
cardiovascular,3,contraindication,945.0,fuse_rankavg,0.0024096385542168677,0.6716891356066613,1,1262,0.0,4.0,0.14566386986246674,varA
cardiovascular,3,contraindication,1954.0,p_A,0.005025125628140704,0.8429817605075336,1,1262,0.0,1.0,0.9833776053446545,varA
cardiovascular,3,contraindication,1954.0,p_B,0.007042253521126761,0.8881839809674862,1,1262,0.0,1.0,0.9833776053446545,varA
cardiovascular,3,contraindication,1954.0,fuse_rankavg,0.005813953488372093,0.8651863600317209,1,1262,0.0,1.0,0.9833776053446545,varA
cardiovascular,3,contraindication,6936.0,p_A,0.0025304807913503567,0.5369047619047619,2,1262,0.0,2.0,0.9827296139112237,varA
cardiovascular,3,contraindication,6936.0,p_B,0.0024643900113236784,0.5313492063492063,2,1262,0.0,2.0,0.9827296139112237,varA
cardiovascular,3,contraindication,6936.0,fuse_rankavg,0.002498404614536285,0.5349206349206349,2,1262,0.0,2.0,0.9827296139112237,varA
cardiovascular,3,contraindication,1612.0,p_A,0.0009191176470588235,0.13798572561459155,1,1262,0.0,9.0,0.33068018293664947,varA
cardiovascular,3,contraindication,1612.0,p_B,0.001201923076923077,0.34099920697858843,1,1262,0.0,9.0,0.33068018293664947,varA
cardiovascular,3,contraindication,1612.0,fuse_rankavg,0.0009285051067780873,0.14750198255352898,1,1262,0.0,9.0,0.33068018293664947,varA
cardiovascular,3,contraindication,6690.0,p_A,0.0010080645161290322,0.21411578112609042,1,1262,0.0,8.0,0.5468994322776143,varA
cardiovascular,3,contraindication,6690.0,p_B,0.0015151515151515152,0.47739888977002376,1,1262,0.0,8.0,0.5468994322776143,varA
cardiovascular,3,contraindication,6690.0,fuse_rankavg,0.001145475372279496,0.3088818398096749,1,1262,0.0,8.0,0.5468994322776143,varA
cardiovascular,3,contraindication,4625.0,p_A,0.001407022863069414,0.17579365079365078,2,1262,0.0,3.0,-0.14239074115087408,varA
cardiovascular,3,contraindication,4625.0,p_B,0.019053301511535402,0.8230158730158731,2,1262,0.0,3.0,-0.14239074115087408,varA
cardiovascular,3,contraindication,4625.0,fuse_rankavg,0.002257668771390042,0.4882936507936508,2,1262,0.0,3.0,-0.14239074115087408,varA
cardiovascular,3,off-label use,17991.0,p_A,0.9087301587301586,0.9984802431610943,7,477,0.0,13.0,0.5205347051091924,varA
cardiovascular,3,off-label use,17991.0,p_B,0.022095385138569068,0.643161094224924,7,477,0.0,13.0,0.5205347051091924,varA
cardiovascular,3,off-label use,17991.0,fuse_rankavg,0.06430721690590112,0.8858662613981764,7,477,0.0,13.0,0.5205347051091924,varA
cardiovascular,3,off-label use,5267.0,p_A,0.23815029999240528,0.9750759878419453,7,477,0.0,59.0,-0.15083499299968625,varA
cardiovascular,3,off-label use,5267.0,p_B,0.015862179489079784,0.4987841945288754,7,477,0.0,59.0,-0.15083499299968625,varA
cardiovascular,3,off-label use,5267.0,fuse_rankavg,0.06106064590956349,0.8788753799392097,7,477,0.0,59.0,-0.15083499299968625,varA
cardiovascular,3,off-label use,5904.0,p_A,0.09291656870609011,0.9067164179104478,8,477,0.0,8.0,0.19661419771429042,varA
cardiovascular,3,off-label use,5904.0,p_B,0.02226207223495468,0.6108742004264393,8,477,0.0,8.0,0.19661419771429042,varA
cardiovascular,3,off-label use,5904.0,fuse_rankavg,0.060805796649867946,0.8616737739872069,8,477,0.0,8.0,0.19661419771429042,varA
cardiovascular,3,off-label use,4496.0,p_A,0.14471568666615106,0.9516717325227965,7,477,0.0,12.0,0.055083084671316944,varA
cardiovascular,3,off-label use,4496.0,p_B,0.01646844054623411,0.5212765957446809,7,477,0.0,12.0,0.055083084671316944,varA
cardiovascular,3,off-label use,4496.0,fuse_rankavg,0.04799140759292562,0.8398176291793313,7,477,0.0,12.0,0.055083084671316944,varA
cardiovascular,3,off-label use,18882.0,p_A,0.6691468253968255,0.9749466950959489,8,477,0.0,21.0,-0.006108143444928331,varA
cardiovascular,3,off-label use,18882.0,p_B,0.021489873608920764,0.5906183368869935,8,477,0.0,21.0,-0.006108143444928331,varA
cardiovascular,3,off-label use,18882.0,fuse_rankavg,0.09054317008772,0.9056503198294242,8,477,0.0,21.0,-0.006108143444928331,varA
cardiovascular,3,off-label use,1221.0,p_A,0.014492753623188406,0.8571428571428571,1,477,0.0,3.0,0.37011837648005147,varA
cardiovascular,3,off-label use,1221.0,p_B,0.005649717514124294,0.6302521008403361,1,477,0.0,3.0,0.37011837648005147,varA
cardiovascular,3,off-label use,1221.0,fuse_rankavg,0.010869565217391304,0.8109243697478992,1,477,0.0,3.0,0.37011837648005147,varA
cardiovascular,3,off-label use,11057.0,p_A,0.02222222222222222,0.8642105263157894,2,477,0.0,30.0,0.18296207944561382,varA
cardiovascular,3,off-label use,11057.0,p_B,0.006984540882845967,0.5631578947368421,2,477,0.0,30.0,0.18296207944561382,varA
cardiovascular,3,off-label use,11057.0,fuse_rankavg,0.016666666666666666,0.8136842105263158,2,477,0.0,30.0,0.18296207944561382,varA
cardiovascular,3,off-label use,2679.0,p_A,0.02724137931034483,0.8894736842105263,2,477,0.0,10.0,0.36279437597696873,varA
cardiovascular,3,off-label use,2679.0,p_B,0.007576146036303969,0.5873684210526315,2,477,0.0,10.0,0.36279437597696873,varA
cardiovascular,3,off-label use,2679.0,fuse_rankavg,0.015628427286685675,0.8031578947368421,2,477,0.0,10.0,0.36279437597696873,varA
cardiovascular,3,off-label use,11479.0,p_A,0.09613368235048914,0.9124620060790274,7,477,0.0,5.0,-0.11442318935123053,varA
cardiovascular,3,off-label use,11479.0,p_B,0.016321296922081487,0.5182370820668692,7,477,0.0,5.0,-0.11442318935123053,varA
cardiovascular,3,off-label use,11479.0,fuse_rankavg,0.07938579152531562,0.8232522796352584,7,477,0.0,5.0,-0.11442318935123053,varA
cardiovascular,3,off-label use,4981.0,p_A,0.3002768189307745,0.8179824561403508,21,477,0.0,132.0,0.09626035362295604,varA
cardiovascular,3,off-label use,4981.0,p_B,0.03232631439998953,0.34440267335004177,21,477,0.0,132.0,0.09626035362295604,varA
cardiovascular,3,off-label use,4981.0,fuse_rankavg,0.07801243995584847,0.5929406850459482,21,477,0.0,132.0,0.09626035362295604,varA
cardiovascular,3,off-label use,4910.0,p_A,0.0809399678260655,0.9122434536447276,6,477,0.0,3.0,0.12887692301313403,varA
cardiovascular,3,off-label use,4910.0,p_B,0.013081757927062813,0.4731068648266101,6,477,0.0,3.0,0.12887692301313403,varA
cardiovascular,3,off-label use,4910.0,fuse_rankavg,0.03377678410087018,0.7708775654635527,6,477,0.0,3.0,0.12887692301313403,varA
cardiovascular,3,off-label use,6727.0,p_A,0.14939977390573514,0.7083333333333333,21,477,0.0,29.0,0.10338168364110295,varA
cardiovascular,3,off-label use,6727.0,p_B,0.033984328576137375,0.37687969924812026,21,477,0.0,29.0,0.10338168364110295,varA
cardiovascular,3,off-label use,6727.0,fuse_rankavg,0.05170939826960509,0.5416666666666666,21,477,0.0,29.0,0.10338168364110295,varA
cardiovascular,3,off-label use,1298.0,p_A,0.10372596153846153,0.9281670205237085,6,477,0.0,1.0,0.10990185739814991,varA
cardiovascular,3,off-label use,1298.0,p_B,0.02214558651532201,0.6939136588818118,6,477,0.0,1.0,0.10990185739814991,varA
cardiovascular,3,off-label use,1298.0,fuse_rankavg,0.11389388570761119,0.9228591648973814,6,477,0.0,1.0,0.10990185739814991,varA
cardiovascular,3,off-label use,5044.0,p_A,0.011217948717948718,0.728421052631579,2,477,0.0,19.0,0.07760748211222891,varA
cardiovascular,3,off-label use,5044.0,p_B,0.004193273733503618,0.27157894736842103,2,477,0.0,19.0,0.07760748211222891,varA
cardiovascular,3,off-label use,5044.0,fuse_rankavg,0.005910267471958585,0.4826315789473684,2,477,0.0,19.0,0.07760748211222891,varA
cardiovascular,3,off-label use,6981.0,p_A,0.011357209397024575,0.4775423728813559,5,477,0.0,51.0,0.23860369655263913,varA
cardiovascular,3,off-label use,6981.0,p_B,0.010833817669546423,0.4423728813559322,5,477,0.0,51.0,0.23860369655263913,varA
cardiovascular,3,off-label use,6981.0,fuse_rankavg,0.010764664696138026,0.44046610169491524,5,477,0.0,51.0,0.23860369655263913,varA
cardiovascular,3,off-label use,8364.0,p_A,0.01375983397669042,0.607293868921776,4,477,0.0,5.0,0.5643563097497162,varA
cardiovascular,3,off-label use,8364.0,p_B,0.006859394995364313,0.2743128964059196,4,477,0.0,5.0,0.5643563097497162,varA
cardiovascular,3,off-label use,8364.0,fuse_rankavg,0.00852623137381679,0.41728329809725156,4,477,0.0,5.0,0.5643563097497162,varA
cardiovascular,3,off-label use,5068.0,p_A,0.07772871623274558,0.8805792972459638,9,477,0.0,83.0,0.410326188360268,varA
cardiovascular,3,off-label use,5068.0,p_B,0.023200144418841235,0.5524691358024691,9,477,0.0,83.0,0.410326188360268,varA
cardiovascular,3,off-label use,5068.0,fuse_rankavg,0.06423984834485971,0.7636514719848053,9,477,0.0,83.0,0.410326188360268,varA
cardiovascular,3,off-label use,6716.0,p_A,0.08456954176916212,0.8938746438746439,9,477,0.0,87.0,0.5627161493713538,varA
cardiovascular,3,off-label use,6716.0,p_B,0.04743312999777408,0.7808641975308642,9,477,0.0,87.0,0.5627161493713538,varA
cardiovascular,3,off-label use,6716.0,fuse_rankavg,0.0894392727706379,0.8884140550807217,9,477,0.0,87.0,0.5627161493713538,varA
cardiovascular,3,off-label use,745.0,p_A,0.0049504950495049506,0.5777310924369747,1,477,0.0,6.0,0.22919461148604287,varA
cardiovascular,3,off-label use,745.0,p_B,0.006944444444444444,0.6995798319327731,1,477,0.0,6.0,0.22919461148604287,varA
cardiovascular,3,off-label use,745.0,fuse_rankavg,0.006896551724137931,0.6985294117647058,1,477,0.0,6.0,0.22919461148604287,varA
cardiovascular,3,off-label use,4745.0,p_A,0.0268140589569161,0.7313642756680732,3,477,0.0,2.0,0.9125376793787203,varA
cardiovascular,3,off-label use,4745.0,p_B,0.005733514199458234,0.2967651195499297,3,477,0.0,2.0,0.9125376793787203,varA
cardiovascular,3,off-label use,4745.0,fuse_rankavg,0.008299332111673233,0.510196905766526,3,477,0.0,2.0,0.9125376793787203,varA
cardiovascular,3,off-label use,6021.0,p_A,0.0034264362942548234,0.08842105263157896,2,477,0.0,1.0,0.9294286555389548,varA
cardiovascular,3,off-label use,6021.0,p_B,0.003565594275759384,0.14,2,477,0.0,1.0,0.9294286555389548,varA
cardiovascular,3,off-label use,6021.0,fuse_rankavg,0.0034556727207061284,0.10263157894736843,2,477,0.0,1.0,0.9294286555389548,varA
cardiovascular,3,off-label use,5264.0,p_A,0.01526374859708193,0.8021052631578948,2,477,0.0,50.0,0.22846066348876837,varA
cardiovascular,3,off-label use,5264.0,p_B,0.004838135510943788,0.3610526315789474,2,477,0.0,50.0,0.22846066348876837,varA
cardiovascular,3,off-label use,5264.0,fuse_rankavg,0.007494132707488799,0.5942105263157895,2,477,0.0,50.0,0.22846066348876837,varA
cardiovascular,3,off-label use,5299.0,p_A,0.005988023952095809,0.6512605042016807,1,477,0.0,56.0,0.4457415564330326,varA
cardiovascular,3,off-label use,5299.0,p_B,0.0031545741324921135,0.33613445378151263,1,477,0.0,56.0,0.4457415564330326,varA
cardiovascular,3,off-label use,5299.0,fuse_rankavg,0.004032258064516129,0.4821428571428571,1,477,0.0,56.0,0.4457415564330326,varA
cardiovascular,3,off-label use,5294.0,p_A,0.011627906976744186,0.8214285714285714,1,477,0.0,9.0,-0.21465397165874953,varA
cardiovascular,3,off-label use,5294.0,p_B,0.004048582995951417,0.4831932773109243,1,477,0.0,9.0,-0.21465397165874953,varA
cardiovascular,3,off-label use,5294.0,fuse_rankavg,0.011363636363636364,0.8172268907563025,1,477,0.0,9.0,-0.21465397165874953,varA
cardiovascular,3,off-label use,5386.0,p_A,0.006993006993006993,0.7016806722689075,1,477,0.0,3.0,-0.08030500083616778,varA
cardiovascular,3,off-label use,5386.0,p_B,0.0034602076124567475,0.39495798319327735,1,477,0.0,3.0,-0.08030500083616778,varA
cardiovascular,3,off-label use,5386.0,fuse_rankavg,0.005076142131979695,0.5882352941176471,1,477,0.0,3.0,-0.08030500083616778,varA
cardiovascular,3,off-label use,5295.0,p_A,0.023255813953488372,0.9117647058823529,1,477,0.0,2.0,0.9265600886752475,varA
cardiovascular,3,off-label use,5295.0,p_B,0.004672897196261682,0.5525210084033614,1,477,0.0,2.0,0.9265600886752475,varA
cardiovascular,3,off-label use,5295.0,fuse_rankavg,0.007633587786259542,0.7268907563025211,1,477,0.0,2.0,0.9265600886752475,varA
cardiovascular,3,off-label use,1613.0,p_A,0.023809523809523808,0.9138655462184874,1,477,0.0,10.0,0.5549485514948053,varA
cardiovascular,3,off-label use,1613.0,p_B,0.003289473684210526,0.36344537815126055,1,477,0.0,10.0,0.5549485514948053,varA
cardiovascular,3,off-label use,1613.0,fuse_rankavg,0.0058823529411764705,0.6449579831932772,1,477,0.0,10.0,0.5549485514948053,varA
cardiovascular,3,off-label use,6809.0,p_A,0.015151515151515152,0.8634453781512605,1,477,0.0,1.0,-0.24174149562083036,varA
cardiovascular,3,off-label use,6809.0,p_B,0.0035971223021582736,0.41806722689075626,1,477,0.0,1.0,-0.24174149562083036,varA
cardiovascular,3,off-label use,6809.0,fuse_rankavg,0.009900990099009901,0.7899159663865546,1,477,0.0,1.0,-0.24174149562083036,varA
